text,pnum,x0,y0,x1,y1,y
"                                                                      Diário Oficial do Distrito Federal
PÁGINA   21
Nº 211,  segunda-feira, 4 de novembro de 2002",0,28.5,32.252498626708984,737.3685302734375,51.87474822998047,False
"DECRETO DE 31 DE OUTUBRO  DE 2002
O GOVERNADOR DO DISTRITO FEDERAL, no uso das atribuições que lhe são conferidas
pelo artigo 100, incisos  XXVI e XXVII, da Lei Orgânica do Distrito Federal, RESOLVE:
Cessar os efeitos de 31 de julho de 2002, publicado no DODF nº 145  de 1º de agosto de 2002
que designou MAELY MOURA BARROS HENRIQUE, Assessora da Assessoria Especial
para Assuntos Parlamentares da Governadoria do Distrito Federal, para responder pelo
Cargo de Natureza Especial, Símbolo CNE-04, de Chefe da Assessoria Especial para Assun-
tos Parlamentares da Governadoria do Distrito Federal, sem acumular vencimentos, até a
designação do novo titular.
Nomear JOSÉ FLÁVIO DE OLIVEIRA para exercer o  Cargo de Natureza Especial, Símbolo
CNE-04, de Chefe da Assessoria Especial para Assuntos Parlamentares da Governadoria do
Distrito Federal.
JOAQUIM DOMINGOS RORIZ",0,28.5,114.52300262451172,369.5906677246094,256.8190002441406,False
"DESPACHO DO GOVERNADOR
Em   31 de outubro  de 2002
PROCESSO N.º: 160.001.763/2002 e 160.001.758/2002 (anexo)
INTERESSADO: Afrânio Roberto de Souza Filho
ASSUNTO:  Afastamento do País
1. AUTORIZO, nos termos do Decreto n.º 20.011, de 20 de janeiro de 1999, combinado com o
Decreto n.º 21.564, de 26 de setembro de 2000,  o afastamento do País do Secretário de Desenvol-
vimento Econômico do Distrito Federal, AFRÂNIO ROBERTO DE SOUZA FILHO, no perío-
do de 05 a 12 de novembro de 2002, a fim de participar do evento World Claas 2002, a realizar-
se em Harsewinkel, Alemanha, com ônus referente a diárias, consoante consta dos autos.
2. Publique-se e restitua-se à Secretaria de Desenvolvimento Econômico do Distrito Federal para
os fins pertinentes.
JOAQUIM DOMINGOS RORIZ",0,28.5,266.02301025390625,369.0555419921875,408.3190002441406,False
"PORTARIA Nº 711, DE 30 DE OUTUBRO DE 2002
A SECRETÁRIA DE GESTÃO ADMINISTRATIVA DO DISTRITO FEDERAL, no uso das
atribuições que lhe confere o inciso XI, do art. 96, do Regimento Interno da Secretaria de Gestão
Administrativa, aprovado pela Portaria nº 21, de 16 de janeiro de 2001, e considerando o constan-
te do Processo nº 040.006.029/2002, resolve:
Art. 1º - Constituir Comissão Especial de Licitação com objetivo de proceder a alienação dos
veículos do acervo patrimonial do Distrito Federal, recolhidos no pátio da Diretoria de Transpor-
tes da Subsecretaria de Logística e Modernização desta Secretaria e no pátio da NOVACAP.
Art. 2º - Designar os servidores LUCIMAR PINHEIRO DE DEUS, Técnico de Administração
Pública, matrícula nº 40.197-8, JOSÉ ANTONIO ALVES, Chefe do Núcleo de Registro de
Veículos, matrícula nº 43.852-9, JOSÉ MARIA DE CASTRO, Encarregado do Núcleo de Manu-
tenção de Veículos, matrícula nº 33.035-3, ELISÂNGELA DE LIMA RIBEIRO, Assessora da
Diretoria de Suporte Institucional, matrícula nº 95.945-6, NONATO PERES DA SILVA, matrí-
cula nº 93.609-X, Assessor da Subsecretaria de Logística e Modernização e ADRIENE LOBATO
DE FARIA, matrícula nº 109.234-0, Assessora do Gabinete da Secretaria de Gestão Administra-
tiva, para sob a presidência da primeira e secretariada pela última comporem a citada comissão.
Art. 3º - Designar o servidor JOSÉ ANTONIO ALVES, matrícula nº 43.852-9, para substituir a
presidente em seus afastamentos e impedimentos legais.
Art. 4º - Esta Portaria entra em vigor na data de sua publicação.
MARIA CECÍLIA S. S. LANDIM",0,28.5,450.52301025390625,369.0687561035156,667.2789916992188,True
"PORTARIA Nº 713, DE 30 DE OUTUBRO DE 2002
A SECRETÁRIA DE ESTADO DE GESTÃO ADMINISTRATIVA, no uso de suas atribuições
regimentais, considerando o disposto no §1º, art. 13 do Decreto no 16.098/94 e o constante do
Processo nº 080.013.374/2002, resolve:
1. DESIGNAR GRAZIELA MARIA FERNANDES DAS NEVES, matrícula nº 110.291-5,
como executora do Convênio nº 03/2002, firmado entre o Distrito Federal, por intermédio da
Secretaria de Educação do Distrito Federal e a Secretaria de Estado de Gestão Administrativa do
Distrito Federal.
2. Determinar que esta Portaria entre em vigor na data de sua publicação.
MARIA CECÍLIA S. S. LANDIM",0,28.5,677.0230102539062,369.05279541015625,786.5289916992188,True
"DESPACHOS DO SECRETÁRIO
Em 21 de outubro de 2002
PROCESSO : 030-000.831/2002
INTERESSADO: RENATO ANTÔNIO MAIA E OUTROS
ASSUNTO : Reconhecimento de Dívida
À vista das instruções contidas no presente processo e o disposto nos Artigos 80 e 81 do Decreto
n° 16.098, de 29 de novembro de 1994 e de acordo com o que estabelece o inciso I do Art. 38,",0,28.5,796.2730102539062,369.7022399902344,874.2789916992188,False
"combinado com os incisos II e IV do Art. 39 do citado diploma legal e em conformidade com o
item I, da Portaria 271 de 23 de maio de 2001, reconheço a dívida, autorizo a realização da
despesa, determino a emissão de Nota de Empenho e autorizo também o pagamento no valor de
R$ 8.093,69 (oito mil noventa e três reais e sessenta e nove centavos), a favor de RENATO
ANTÔNIO MAIA E OUTROS referente a Folha Suplementar nº 216/2002, Versão 06 relativo
ao pagamento de proventos de Exercício Findos de Inativo – SGA, inerente ao mês de outubro de
2002, correndo a presente despesa à conta da Dotação Orçamentária no Programa de Trabalho
09.272.0001.9004-0019 – Pagamento de Inativos e Pensionista da Secretaria de Estado de Gestão
Administrativa, Fonte 100, Elemento de Despesa nº 3.1.90.92 - Despesas de Exercícios Anteri-
ores, da Secretaria de Estado de Gestão Administrativa.
Publique-se e encaminhe-se o presente processo à Diretoria de Apoio Operacional/SGA para os
demais procedimentos administrativos.
PROCESSO : 030-000.832/2002
INTERESSADO: IVANA SANT’ANA LYRA
ASSUNTO : Reconhecimento de Dívida
À vista das instruções contidas no presente processo e o disposto nos Artigos 80 e 81 do Decreto
n° 16.098, de 29 de novembro de 1994 e de acordo com o que estabelece o inciso I do Art. 38,
combinado com os incisos II e IV do Art. 39 do citado diploma legal e em conformidade com o
item I, da Portaria 271 de 23 de maio de 2001, reconheço a dívida, autorizo a realização da
despesa, determino a emissão de Nota de Empenho e autorizo também o pagamento no valor de
R$ 18.726,51 (dezoito mil setecentos e vinte e seis reais e cinqüenta e um centavos), a favor de
IVANA SANT’ANA LYRA, referente a despesas com folha suplementar nº 202/2002, versão 08
relativa ao pagamento de exercícios findos Pensionista - SGA, inerente ao mês de outubro de
2002, correndo a presente despesa à conta da Dotação Orçamentária no Programa de Traba-
lho09.272.0001.9004-0019– Pagamento de Inativos e Pensionistas da Secretaria de Estado de
Gestão Administrativa, Fonte 100, Elemento de Despesa nº 3.1.90.92 - Despesas de Exercícios
Anteriores, da Secretaria de Estado de Gestão Administrativa.
Publique-se e encaminhe-se o presente processo à Diretoria de Apoio Operacional/SGA para os
demais procedimentos administrativos.
PROCESSO : 030-000.832/2002
INTERESSADO: SELMA GLAUCE MONTEIRO ROCHA E OUTRA
ASSUNTO : Reconhecimento de Dívida
À vista das instruções contidas no presente processo e o disposto nos Artigos 80 e 81 do Decreto
n° 16.098, de 29 de novembro de 1994 e de acordo com o que estabelece o inciso I do Art. 38,
combinado com os incisos II e IV do Art. 39 do citado diploma legal e em conformidade com o
item I, da Portaria 271 de 23 de maio de 2001, reconheço a dívida, autorizo a realização da
despesa, determino a emissão de Nota de Empenho e autorizo também o pagamento no valor de
R$ 769,47 (setecentos e sessenta e nove reais e quarenta e sete centavos), a favor de SELMA
GLAUCE MONTEIRO ROCHA E OUTRA referente a Folha Suplementar nº 215/2002, Versão
06 relativo ao pagamento de proventos de Exercício Findos de Inativo – SGA, inerente ao mês de
outubro de 2002, correndo a presente despesa à conta da Dotação Orçamentária no Programa de
Trabalho 09.272.0001.9004-0019 – Pagamento de Inativos e Pensionista da Secretaria de Estado
de Gestão Administrativa, Fonte 100, Elemento de Despesa nº 3.1.90.92 - Despesas de Exercíci-
os Anteriores, da Secretaria de Estado de Gestão Administrativa.
Publique-se e encaminhe-se o presente processo à Diretoria de Apoio Operacional/SGA para os
demais procedimentos administrativos.
DALMO ALEXANDRE COSTA
Adjunto",0,396.75,56.77300262451172,738.0094604492188,572.0289916992188,False
"ORDEM DE SERVIÇO Nº 11, DE 31 DE OUTUBRO DE 2002
A Presidente da Comissão Permanente de Tomadas de Contas Especiais da Secretaria de Fazenda
e Planejamento, no uso das atribuições que lhe foram delegadas através da Portaria 316, de 15 de
julho de 1999, resolve:
Designar a servidora Jacy Freire Frazão, matrícula 39.816-0, como secretária e os servidores
Luciano Humberto Tiveron, matrícula nº 33.261-5, Valéria Dutra de Azevedo, matrícula nº 43.078-
1 e Juscinei Sérgio Soares, matrícula nº 43.409-4, como membros integrantes desta CPTCE que
atuarão no processo de TCE nº 030.004.424/2002
SALMA ALVES RODRIGUES",0,396.75,636.5230102539062,737.365234375,734.7789916992188,False
"PORTARIA Nº 438, DE30 DE OUTUBRO DE 2002
A SECRETÁRIA DE ESTADO DE EDUCAÇÃO DO DISTRITO FEDERAL, no uso de suas
atribuições regimentais, considerando o disposto no § 1º, art.13 do Decreto nº 16.098/94, e o
constante do Processo nº 030.001935/2002, resolve:
1. DESIGNAR MÁRCIA ESTER DE SOUZA PUGLIA LIMA, matrícula nº 33.516-9, como
executora do Convênio nº 43/2002, firmado entre o Distrito Federal, por intermédio da Secretaria
de Estado de Educação do Distrito Federal, e o Instituto Presbiteriano Mackenzie.
2. Determinar que esta Portaria entre em vigor na data de sua publicação.
ANNA MARIA DANTAS ANTUNES VILLABOIM",0,396.75,777.5230102539062,738.0342407226562,875.0289916992188,True
"                                     Diário Oficial do Distrito Federal
PÁGINA   22
Nº 211,  segunda-feira, 4 de novembro de 2002",1,27.75,31.502498626708984,736.6690673828125,51.12474822998047,False
"PORTARIA Nº 441, DE 30 DE OUTUBRO DE 2002
A SECRETÁRIA DE ESTADO DE EDUCAÇÃO DO DISTRITO FEDERAL, no uso de suas
atribuições regimentais, considerando o disposto no § 1º, art.13 do Decreto nº 16.098/94, e o
constante do Processo nº 080.009586/2001, resolve:
1. DESIGNAR AROLDO AMORIM ODORICO, matrícula nº 37.209-9, como executor do
Termo de Cessão de Uso nº 7/2002, firmado entre o Distrito Federal, por intermédio da Secretaria
de Estado de Educação do Distrito Federal, e o Corpo de Bombeiros Militar do Distrito Federal/
Programa Bombeiro Mirim.
2. Determinar que esta Portaria entre em vigor na data de sua publicação.
ANNA MARIA DANTAS ANTUNES VILLABOIM",1,27.75,61.27300262451172,369.03411865234375,170.7790069580078,True
"SUBSECRETARIA DE EDUCAÇÃO PÚBLICA
DIRETORIA DE APOIO PEDAGÓGICO
GERÊNCIA DE MULTIMÍDIA",1,83.25,179.46249389648438,312.0236511230469,221.20375061035156,False
"ORDEM DE SERVIÇO DE 21 DE OUTUBRO DE 2002
A GERENTE DA GERÊNCIA DE MULTIMÍDIA, no uso das competências que lhe são confe-
ridas pela Portaria nº 400 de 30 de setembro de 2002 e tendo em vista o que dispõe o artigo 208,
da Lei nº 8.112 de 11 de dezembro de 1990, resolve:
Conceder Licença Paternidade ao servidor MARCELO MILHOMEM DE SOUSA, matrícula nº
31.668-7, Professor Nível 2 Classe B, no período de 10/10/2002 a 14/10/2002
CASSIA NUNES VELOSO",1,27.75,230.7729949951172,369.0003662109375,307.27899169921875,False
"SUBSECRETARIA DE PLANEJAMENTO
E DE INSPEÇÃO DO ENSINO",1,94.5,315.9624938964844,302.1300048828125,344.9537353515625,False
"ORDEM DE SERVIÇO Nº 109, DE 24 OUTUBRO DE 2002
A SUBSECRETÁRIA DE PLANEJAMENTO E DE INSPEÇÃO DO ENSINO, da Secretaria
de Estado de Educação do Distrito Federal, no uso de suas atribuições que lhe são conferidas pela
Portaria nº 210, de 07 de junho de 2001 e tendo em vista o disposto no Decreto nº 21.816 de
12.12.2000, resolve:
Designar a servidora CLÁUDIA RACHID MACHADO, matrícula nº 26.765-1, para substituir
a Titular do Cargo em Comissão de Gerente da Gerência de Inspeção, Símbolo DFG-11, no
período de 04/11/2002 a 13/11/2002, por motivo de férias da Titular.
DORA VIANNA MANATA",1,27.75,353.77301025390625,368.2991638183594,451.27899169921875,True
"ORDEM DE SERVIÇO DE 3l DE OUTUBRO DE 2002
A SUBSECRETÁRIA DE SUPORTE EDUCACIONAL, no uso das atribuições que lhe são
conferidas pela Portaria nº 400, de 30 de setembro de 2002, e tendo em vista o que dispõe o
Decreto nº 21.816 de 12 de dezembro de 2000, resolve:
Designar JÚLIO CÉSAR DE SOUZA MORONARI, matrícula nº 39.719-9, para substituir o
titular do Cargo em Comissão, Símbolo DFG-11, de Gerente da Gerência Regional de Ensino de
Santa Maria da Diretoria de Unidades Regionais da Subsecretaria de Suporte Educacional, no
período de 09/09/2002 a 08/10/2002, por motivo de férias da titular.
VANDERCY ANTÔNIA DE CAMARGOS",1,27.75,484.27301025390625,369.01531982421875,581.7789916992188,True
"DIRETORIA DE UNIDADES REGIONAIS
GERÊNCIA REGIONAL DE ENSINO DO GAMA",1,70.5,589.7125244140625,326.14337158203125,618.7037353515625,False
"ORDEM DE SERVIÇO DE 23 DE OUTUBRO DE 2002
A Gerente da Gerência Regional de Ensino do Gama, no uso das atribuições que lhe são conferidas
pela Portaria nº 400, de 30 de setembro de 2002 e tendo em vista o disposto no Decreto nº 21.816,
de 12 de dezembro de 2000, resolve:
Designar o servidor UMBERTO BARBOSA MENDES, matrícula 24.544-5, para substituir a
titular do Cargo em Comissão de Chefe de Secretaria Escolar do Centro de Ensino Fundamental
Ponte Alta do Baixo, símbolo DFG-04, no período de 16/10/2002 a 12/02/2003, por motivo de
Licença Gestante.
DICEMAR ALVES DO NASCIMENTO",1,27.75,628.2730102539062,368.9896545410156,725.7789916992188,True
"ORDEM DE SERVIÇO DE 17 DE OUTUBRO DE 2002
A GERENTE DA GERÊNCIA REGIONAL DE ENSINO DE TAGUATINGA, no uso das
atribuições que lhe são conferidas pela Portaria nº 400, de 30 de setembro de 2002, e tendo em
vista o disposto no artigo 97 da Lei nº 8112/90, resolve:
Conceder afastamento em virtude de Falecimento de pessoa da família à servidora FLÁVIA
ROBERTA SOARES DIAS, matrícula 25.048-1, pelo período de 11/10/2002 a 18/10/2002
MARINA GOMES DE MOURA",1,27.75,758.0230102539062,368.3094787597656,832.2789916992188,False
"ORDEM DE SERVIÇO DE 22 DE OUTUBRO DE 2002
A GERENTE DA GERÊNCIA REGIONAL DE ENSINO DE TAGUATINGA, no uso das
atribuições que lhes são conferidas pela Portaria nº 400, de 30/09/2002, e tendo em vista o",1,27.75,841.2730102539062,369.7499084472656,874.2789916992188,False
"disposto no artigo 97 da Lei 8.112/90, resolve:
Conceder afastamento em virtude de DOAÇÃO DE SANGUE aos servidores abaixo relacionados:
- MAURILIO PALMEIRA DE SOUSA, matrícula 25.549-1, no dia 11/10/2002 .
- ANA CLÁUDIA BARBOSA PALMEIRA, matrícula 67.224-6, no dia 11/10/2002 .
MARINA GOMES DE MOURA",1,396.75,61.27300262451172,738.11083984375,116.77899932861328,False
"ORDEM DE SERVIÇO DE 18 DE OUTUBRO DE 2002
A DIRETORA DO CENTRO DE ENSINO FUNDAMENTAL 11 DE TAGUATINGA, no uso
das atribuições que lhe são conferidas pela Portaria nº 400, de 30 de setembro de 2002, e tendo em
vista o disposto no artigo 97 da Lei nº 8112/90, resolve:
Conceder afastamento em virtude de Falecimento de pessoa da família à servidora DIANA
MARIA MAIA DE CASTRO, matrícula nº 48.948-4, pelo período de 26/09/2002 a 03/10/2002
SÔNIA CHAVES MARCELO MAGALHÃES",1,396.75,148.2729949951172,737.310791015625,224.7790069580078,False
"ORDEM DE SERVIÇO DE 21 DE OUTUBRO DE 2002
A DIRETORA DA ESCOLA CLASSE 51 DE TAGUATINGA, no uso de suas atribuições que
lhe são conferidas pela Portaria nº 400, de 30/09/2002 e tendo em vista o que dispõe o artigo 97,
da Lei nº 8.112/90, resolve:
- Conceder afastamento em virtude de Falecimento de pessoa da família à servidora MARCIA
FERREIRA DA SILVA, matrícula 300.968-8, pelo período de 18/10/2002 a 25/10/2002
- Conceder afastamento em virtude de Falecimento de pessoa da família ao servidor ANTONIO
BEZERRA DA SILVA, matrícula 40.517-5, pelo período de 14/10/2002 a 21/10/2002
ANA MARIA BALLERINI DE LIMA",1,396.75,256.27301025390625,737.2923583984375,354.52899169921875,False
"ORDEM DE SERVIÇO DE 16 DE OUTUBRO DE 2002
A DIRETORA DA ESCOLA CLASSE 24 DE TAGUATINGA, no uso de suas atribuições que
lhe são conferidas pela Portaria nº 400, de 30/09/2002 e tendo em vista o que dispõe o artigo 97,
da Lei nº 8.112/90, resolve:
Conceder afastamento em virtude de Falecimento de pessoa da família à servidora ERALDA
TENÓRIO LOPES, matrícula 31.719-5, pelo período de 13/10/2002 a 20/10/2002
CÍCERA MARIA CANDEIA COSTA",1,396.75,385.27301025390625,737.30859375,462.52899169921875,False
"ORDEM DE SERVIÇO DE 10 DE OUTUBRO DE 2002
A DIRETORA DA ESCOLA CLASSE 19 DE TAGUATINGA, no uso de suas atribuições que
lhe são conferidas pela Portaria nº 400, de 30/09/2002 e tendo em vista o que dispõe o artigo 97,
da Lei nº 8.112/90, resolve:
Conceder afastamento em virtude de Falecimento de pessoa da família à servidora MIRTES DOS
SANTOS PEREIRA, matrícula 74.000-4, pelo período de 08/10/2002 a 15/10/2002
SILMARA CAMILO SIQUEIRA",1,396.75,493.27301025390625,738.052001953125,570.5289916992188,False
"ORDEM DE SERVIÇO DE 7 DE OUTUBRO DE 2002
O DIRETOR DO CENTRO DE ENSINO MÉDIO DE TAGUATINGA NORTE, no uso das
atribuições que lhe são conferidas pela Portaria nº 400, de 30/09/2002, e tendo em vista o que
dispõe o artigo 97, da Lei 8112/90, resolve:
Conceder afastamento em virtude de Falecimento de pessoa da família à servidora ANA MARIA
HENRIQUE DA SILVA, matrícula 22.076-0, pelo período de 29/09/2002 a 06/10/2002
WILSON DE SOUSA FILHO",1,396.75,601.2730102539062,737.2954711914062,678.5289916992188,False
"ORDEM DE SERVIÇO DE 23 DE SETEMBRO DE 2002
O GERENTE DA GERÊNCIA REGIONAL DE ENSINO DE BRAZLÂNDIA, por subdelega-
ção de competência conferida pelo art. 10, III, da Portaria nº 210, de 07 de junho de 2001,
considerando o constante no procedimento sindicante nº 080.047031/2002, resolve:
Aplicar penalidade disciplinar de ADVERTÊNCIA, à servidora ROSEMEYRE APARECIDA
GONTIJO RODRIGUES, matrícula nº 34.145-2, professor MG2– Classe A, prevista no art.
127, I, da Lei nº 8.112/90, por ter infringido o art. 116, I, III, e X, do mesmo diploma legal.
IRACEMA MARTINS GUIMARÃES",1,396.75,711.5230102539062,737.9352416992188,797.7789916992188,False
"ORDENS DE SERVIÇO DE 22 DE OUTUBRO DE 2002
1. A GERENTE DA GERÊNCIA REGIONAL DE ENSINO DE SOBRADINHO, no uso das
atribuições que lhe são conferidas pela Portaria 400, de 30 de Setembro de 2002, e tendo em vista
o disposto no Artigo 97 da Lei nº 8.112/90, resolve:",1,396.75,830.0230102539062,738.0344848632812,873.5289916992188,False
"                                                                      Diário Oficial do Distrito Federal
PÁGINA   23
Nº 211,  segunda-feira, 4 de novembro de 2002",2,28.5,32.252498626708984,737.3685302734375,51.87474822998047,False
"- CONCEDER afastamento em virtude de falecimento em pessoa da família, a servidora VILCE
BRITO DE GODOI, matrícula 43.521-X, no período de 06/10/02 a 13/10/02.
- CONCEDER afastamento por motivo de casamento do servidor VICENTE DE PAULA BOR-
GES, matrícula 77.123-6, no período de 18/10/02 a 25/10/02.
2. A GERENTE DA GERÊNCIA REGIONAL DE ENSINO DE SOBRADINHO, no uso das
atribuições que lhe são conferidas pela Portaria 400, de 30 de Setembro de 2002, e tendo em vista
o disposto no Artigo 2º, do Decreto nº 14.413, de 25 de novembro de 1992, resolve:
CONCEDER O REGIME DE TEMPO INTEGRAL E DEDICAÇÃO EXCLUSIVA AO MA-
GISTÉRIO PÚBLICO DO DISTRITO FEDERAL – TIDEM, a servidora ELOILDE MARIA
DE ASSIS, matrícula 203.307-0, CHEV no período de 09/10/2002 a 15/01/2003, conforme auto-
rização nº 20059.
TÂNIA MARIA SALVADOR FERRAZ PAIVA",2,28.5,61.27300262451172,369.7840576171875,192.5290069580078,False
"ORDENS DE SERVIÇO DE 29 DE OUTUBRO DE 2002
1.O GERENTE DA GERÊNCIA REGIONAL DE ENSINO DO NÚCLEO BANDEIRANTE,
no uso das atribuições que lhe são conferidas pela Portaria nº 400, de 30/09/2002, e tendo em vista
o que dispõe o Decreto nº 21.816, de 12/12/2000, resolve:
- Retificar a Ordem de Serviço de 11/10/2002, publicada no DODF nº205, de 24/10/2002, pág. 25,
que designa FRANCISMAR MOREIRA DE FIGUEIREDO, matrícula 35.093-1, para substi-
tuir o titular do cargo em comissão, símbolo DFG 02 de vice-diretora da Escola Classe 01 do
Riacho Fundo II, por motivo de licença a gestante do titular.
Onde se lê 23/09/2002 a 20/01/2003,
Leia-se 02/10/2002 a 20/01/2003.
2.O GERENTE DA GERÊNCIA REGIONAL DE ENSINO DO NÚCLEO BANDEIRANTE,
no uso das atribuições que lhe são conferidas pela Portaria nº 400, de 30/09/2002, e tendo em vista
o disposto no art. 97, item III, alínea “a”, da Lei 8.112/90, resolve:
- Conceder afastamento por motivo de casamento à servidora, CLÁUDIO MONTURIL
CASTRO, matrícula 43.785-9, cargo Esp. de Ass. Educ. Ap. Téc. Adm., pelo período de 21/
09/2002 a 28/09/2002
JEFERSON FONSECA DE MELLO",2,28.5,226.2729949951172,369.8005676269531,410.77899169921875,False
"ORDEM DE SERVIÇO DE 23 DE OUTUBRO DE 2002
O GERENTE DA GERÊNCIA REGIONAL DE ENSINO DO RECANTO DAS EMAS, no uso
das atribuições que lhe são conferidas pela Portaria nº 210, de 07 de junho de 2001,e tendo em
vista o disposto do Decreto nº 21.816, de 12 de dezembro de 2000, resolve:
Designar KARLA VALÉRIA PEREIRA, matrícula 33.345-X, para substituir o Titular do Cargo
em Comissão de Chefe o Núcleo de Recursos Humanos, símbolo DFG 07, pelo período de 01/11/
2002 a 30/11/2002, por motivo de gozo de férias do titular.
ROBSON ANTÔNIO DE CASTRO BARBOSA",2,28.5,444.52301025390625,369.0531921386719,532.2789916992188,True
"SUBSECRETARIA DE APOIO OPERACIONAL
DIRETORIA DE ADMINISTRAÇÃO DE RECURSOS HUMANOS",2,33.0,540.2125244140625,364.447021484375,569.2037353515625,False
"ORDEM DE SERVIÇO DE 28 DE OUTUBRO DE 2002
A DIRETORA DE ADMINISTRAÇÃO DE RECURSOS HUMANOS, no uso das atribuições
que lhe são conferidas pela Portaria nº 400, de 30/09/2002, resolve:
Autorizar, em caráter excepcional, a LICENÇA PARA TRATO DE ASSUNTOS PARTICU-
LARES, ao servidor LEHI SUDY DOS SANTOS, matrícula nº 200.364-3, pelo período de
02/09/2002 a 22/12/2002, nos termos do art. 5ª da Lei nº 1.864/98, conforme o processo nº
080.012958/2002
Autorizar, em caráter excepcional, a LICENÇA PARA TRATO DE ASSUNTOS PARTICULA-
RES ao servidor GERSON MIRANDA, matrícula nº 66.231-3, pelo período de 01/09/2002 a 31/
08/2005, nos termos do art. 5º da Lei nº 1.864/98, conforme o processo nº 080.011911/2002
Autorizar, em caráter excepcional, a LICENÇA PARA TRATO DE ASSUNTOS PARTICU-
LARES à servidora ARLETE BATISTA DA COSTA, matrícula nº 24.707-3, pelo período de
01/10/2002 a 30/09/2005, nos termos do art. 5º da Lei nº 1.864/98, conforme o processo nº
080.046042/2002
Autorizar, em caráter excepcional, a LICENÇA PARA TRATO DE ASSUNTOS PARTICULA-
RES ao servidor JOSÉ ROBERTO HOTT, matrícula nº 25.795-8, pelo período de 02/09/2002 a
22/12/2002, nos termos do art. 5º da Lei nº 1.864/98, conforme o processo nº 080.012353/2002
Autorizar a prorrogação da LICENÇA PARA TRATO DE ASSUNTOS PARTICULARES à
servidora KARINNE GONTIJO E JACINTO VASCONCELOS, matrícula nº 31.947-3, pelo
período de 01/10/2002 a 30/09/2005, nos termos do Art. 5º da Lei nº 1.864, de 19/01/1998,
conforme processo nº 082.012837/1999.
Autorizar a prorrogação da LICENÇA PARA TRATO DE ASSUNTOS PARTICULARES à
servidora MIRIAM HONORATA DA CRUZ FERREIRA, matrícula nº 27.256-6, pelo período
de 18/10/2002 a 17/10/2005, nos termos do Art. 5º da Lei nº 1.864, de 19/01/1998, conforme
processo nº 082.009897/1999.
Autorizar a prorrogação da LICENÇA PARA TRATO DE ASSUNTOS PARTICULARES à
servidora TELMA DE OLIVEIRA PRADERA, matrícula nº 49.869-6, pelo período de 01/11/2002",2,28.5,578.7730102539062,369.7794189453125,875.0289916992188,False
"a 31/10/2005, nos termos do Art. 5º da Lei nº 1.864, de 19/01/1998, conforme processo nº
082.009380/1999.
Autorizar a prorrogação da LICENÇA PARA TRATO DE ASSUNTOS PARTICULARES ao
servidor HERLUINO SEABRA GUIMARÃES NETO, matrícula nº 75.620-0, pelo período de
21/06/2002 a 20/06/2005, nos termos do Art. 5º da Lei nº 1.864, de 19/01/1998, conforme
processo nº 082.000826/1999.
Autorizar, em caráter excepcional, para fins de regularização funcional a LICENÇA PARA
ACOMPANHAR CÔNJUGE à servidora ÂNGELA DA SILVA LINO, matrícula nº 36.774-
5, a partir de 06/02/2002, nos termos do Art. 84 da Lei nº 8.112/90, conforme o processo
nº 080.008934/2002
Autorizar a LICENÇA PARA ACOMPANHAR CÔNJUGE à servidora PATRÍCIA RESENDE
PEREIRA, matrícula nº 64.689-X, a partir de 04/11/2002, nos termos do Art. 84 da Lei nº 8.112/
90, conforme o processo nº 080.017008/2002
Retificar a Ordem se Serviço datada de 22 de maio de 2002, publicada no Diário Oficial do
Distrito Federal nº 99, de 27/05/2002, página 31, que autorizou a LICENÇA PARA ACOMPA-
NHAR CÔNJUGE à servidora EDNA MOREIRA NUNES, matrícula nº 30.817-X, onde se lê:
a partir de 20/02/2002; leia-se: a partir de 01/03/2002
Retificar a Ordem se Serviço datada de 11 de junho de 2002, publicada no Diário Oficial do
Distrito Federal nº 113, de 17/06/2002, página 23, que autorizou a LICENÇA PARA TRATO DE
ASSUNTOS PARTICULARES ao servidor RICARDO TADEU BARBOSA DE SOUSA, ma-
trícula nº 38.671-5, onde se lê: pelo período de 03/06/2002 a 02/06/2005; leia-se: pelo período de
21/06/2002 a 20/06/2005.
MARIA APARECIDA R. GOMES",2,396.75,61.27300262451172,738.0460815429688,311.02899169921875,False
"ORDEM DE SERVIÇO DE 29 DE OUTUBRO DE 2002
A DIRETORA DE ADMINISTRAÇÃO DE RECURSOS HUMANOS, por delegação de com-
petência conferida pela Portaria nº 210, de 07/06/2001, resolve:
AUTORIZAR o afastamento nos termos do Art. 120 da Lei nº 8.112/90, com remuneração, à
servidora ALZENIR DAMASCENO SOUSA, matrícula nº 45.258-0, a partir de 01/10/2002 data
imediatamente posterior ao último dia trabalhado.
MARIA APARECIDA R. GOMES",2,396.75,320.77301025390625,738.0196533203125,397.27899169921875,False
"GERÊNCIA DE RECRUTAMENTO,
SELEÇÃO E MOVIMENTAÇÃO",2,477.75,405.9624938964844,656.010009765625,434.9537353515625,False
"DESPACHO DO GERENTE
O GERENTE DE RECRUTAMENTO, SELEÇÃO E MOVIMENTAÇÃO, no uso das atribui-
ções que lhe são conferidas pela Portaria nº 400, de 30/09/2002, resolve:
Autorizar a REASSUNÇÃO DE EXERCÍCIO à servidora LEIDIMAR MACHADO DOS
SANTOS, professor MG3-Classe Única, matrícula nº 63.962-1, a partir de 04/10/2002, nos
termos da Lei nº 8.112/1990, conforme o processo nº 080.003070/2000.
Autorizar a REASSUNÇÃO DE EXERCÍCIO ao servidor ROGÉRIO MESSIAS HOLANDA,
Professor MG1 Classe “A”, matrícula nº 34.441-9, a partir de 10/06/2002, nos termos da Lei nº
8.112/1990, conforme o processo nº 080.017526/2001.
Autorizar a REASSUNÇÃO DE EXERCÍCIO ao servidor FLÁVIO GONÇALVES DA RO-
CHA CASTRO, Professor MG3 Classe Única, matrícula nº 47.478-9, a partir de 17/05/2002, nos
termos da Lei nº 8.112/1990, conforme o processo nº 080.007805/2002
NEDER NUNES ARAUJO",2,396.75,444.52301025390625,738.038818359375,586.2789916992188,False
"ORDEM DE SERVIÇO DE 25 DE OUTUBRO DE 2002
O GERENTE DE CADASTRO E REGISTRO, por delegação de competência conferida pela
Portaria nº 210, de 07/06/2001, e tendo em vista o preceituado na Lei nº 8.112/90, na Lei nº 8.911/
94, na Portaria nº 114/SEA de 18/08/94 e no Art. 6º da Lei nº 1.004 de 11/01/96, regulamentada
pelo Decreto nº 17.182 de 06 de março de 1996, resolve:
CONCEDER as vantagens denominadas QUINTOS,, aos servidores abaixo discriminados:
JAMILE GERTRUDES BARREIRAS R.ALVES, matrícula 49.230-2, Processo 80.001740/02,
1/5 da Repres. Mensal do DAS 111.2, a partir de 12/07/94, transformados, em 2/10 do DAS
111.2, a partir de 01/02/96
ANA CECILIA F. PAIXÃO, matrícula 65.010-2, Processo 082.007621/95, 3/5 da Repres.
Mensal do DAS 101.5, a partir de 22/03/2001, transformados, em 6/10 do DAS 101.5, a
partir de 01/02/96.
O GERENTE DE CADASTRO E REGISTRO, por delegação de competência conferida pela
Portaria nº 210, de 07/06/2001, e tendo em vista o preceituado na Lei nº 8.112/90, na Lei nº 8.911/
94, na Portaria nº 114/SEA de 18/08/94 e no Art. 6º da Lei nº 1.004 de 11/01/96, regulamentada
pelo Decreto nº 17.182 de 06 de março de 1996, resolve:
CONCEDER as vantagens denominadas DÉCIMOS a servidora GISELE XAVIER DA SIL-
VA, matrícula 0020.077-8 Processo 080.017484/02, 1/10 da Repres. mensal do DF-04 a
partir de 20/02/1997.
TORNAR SEM EFEITO Instrução de 24 de abril de 1998 publicada no DODF nº 78 de 28 de
abril de 1998 referente ,ao processo nº 082.004361/97 que CONCEDE 1/10 do DF-02, a partir de
21/01/98 em nome de SILVANA VITOR MARQUES, matricula 25.476-2.
JONATHAN NOGUEIRA DOS SANTOS",2,396.75,619.2730102539062,737.9905395507812,873.5289916992188,False
"                                     Diário Oficial do Distrito Federal
PÁGINA   24
Nº 211,  segunda-feira, 4 de novembro de 2002",3,27.75,31.502498626708984,736.6690673828125,51.12474822998047,False
"PORTARIA Nº 64, DE 24 DE OUTUBRO DE 2002
O Secretário De Estado De Saúde Do Distrito Federal, no uso das atribuições que lhe confere o
inciso I, artigo 1º do Decreto 23.212 de 6 de setembro de 2002, resolve:
CONCEDER, nos termos do artigo 8°, §1º, incisos I, alíneas “a” e “b”, e II da Emenda Cons-
titucional N° 20, de 16 de dezembro de 1998 e artigo 40, § 8° da Constituição da República
Federativa do Brasil, combinados com o artigo 41, §§ 4° e 7º da Lei Orgânica do Distrito
Federal, aposentadoria a MARIA DAS GRAÇAS MILHOMENS COELHO, matrícula nº
125.161-9, no cargo de Assistente Intermediário de Saúde II– Auxiliar de Enfermagem, Classe
Especial, Padrão V, do Quadro de Pessoal da Secretaria de Estado de Saúde do Distrito Federal.
Processo: 271.000.309/2002
CONCEDER, nos termos do artigo 8°, § 1º, incisos I, alíneas “a” e “b” e II da Emenda Constitu-
cional N° 20, de 16 de dezembro de 1998 e artigo 40, § 8° da Constituição da República Federativa
do Brasil, combinados com o artigo 41, § 4° da Lei Orgânica do Distrito Federal, aposentadoria a
MARIA JUCILEIDE EUFRÁSIO, matrícula nº 109.239-1, no cargo de Assistente Intermediário
de Saúde II – Auxiliar de Enfermagem, Classe Especial, Padrão V, do Quadro de Pessoal da
Secretaria de Estado de Saúde do Distrito Federal. Processo: 288.000.104/2002
CONCEDER, nos termos do artigo 8°, § 1º, incisos I, alíneas “a” e “b” e II da Emenda Constitu-
cional N° 20, de 16 de dezembro de 1998 e artigo 40, § 8° da Constituição da República Federativa
do Brasil, combinados com o artigo 41, §§ 4° e 7º da Lei Orgânica do Distrito Federal, aposenta-
doria a MARIA ELIZABETH RODRIGUES LEAL, matrícula nº 122.666-5, no cargo de Assis-
tente Intermediário de Saúde II – Auxiliar de Enfermagem, Classe Especial, Padrão V, do Quadro
de Pessoal da Secretaria de Estado de Saúde do Distrito Federal. Processo: 271.000.389/2002
CONCEDER, nos termos do artigo 8°, § 1º, incisos I, alíneas “a” e “b” e II da Emenda Constitu-
cional N° 20, de 16 de dezembro de 1998 e artigo 40, § 8° da Constituição da República Federativa
do Brasil, combinados com o artigo 41, §§ 4° e 7º da Lei Orgânica do Distrito Federal, aposenta-
doria a ELIENE MARIA OLIVEIRA DE ALMEIDA CUNHA, matrícula nº 114.368-9, no cargo
de Assistente Intermediário de Saúde I – Auxiliar Operacional de Serviços Diversos, Classe
Única, Padrão XX, do Quadro de Pessoal da Secretaria de Estado de Saúde do Distrito Federal.
Processo: 275.000.120/2002
APOSENTAR nos termos do artigo 186, inciso I, § 1º e artigo 189,§ único da Lei nº 8.112, de
11 de dezembro de 1990, combinados com o artigo 5º da Lei Nº 197/1991, artigo 40, § 1º, inciso
I, e § 8º da Constituição da República Federativa do Brasil, com redação dada pela Emenda
Constitucional Nº 20, de 16 de dezembro de 1998, combinados com o artigo 41, inciso I e §§ 4º
e 7º da Lei Orgânica do Distrito Federal, artigo 62, § 2º da Lei Nº 8.112, de 11/12/1990,
regulamentado pela Lei Nº 8.911, de 11/07/1994, combinado com o artigo 7º da Lei Nº1004, de
09/01/1996, mantidos pelo artigo 4º da Lei Nº1.141, de 10/07/1996 e § único do artigo 4º da Lei
Nº1864, de 19/01/1998, GALENO FERREIRA PEDROSA, matrícula nº 123.874-4, no cargo
de Agente Administrativo – N2-35 (equivalente ao cargo de Assistente Intermediário de Saúde
II, Classe Especial, Padrão V), do Quadro de Pessoal da Secretaria de Estado de Saúde do
Distrito Federal. Processo: 060.007.557/2002
RETIFICAR, na Portaria 669, de 30/09/2002, publicada no DODF 195, de 10/10/2002, que
retificou o ato que concedeu aposentadoria a TEREZINHA MARIA IAHN, matrícula nº 100.160-
4, onde se lê: “de 21/02/2000 de 16/08/199”, leia-se: “de 21/02/2000” e onde se lê: incisos “a” e
“b”, leia-se: “incisos I,” a “e” b “. Processo nº 062.000.290/1999”.
RETIFICAR, no Decreto de 06/04/1981, publicado no DODF nº 68, de 09/04/1981, que aposen-
tou ERCÍLIA GONÇALVES DE SOUZA, matrícula nº 12.474-5, para incluir em sua fundamen-
tação legal as vantagens Opção e Representação Mensal, com fulcro no § 3º do art. 2º da Lei Nº
6732/1979, a partir de outubro de 1994, conforme Despacho Singular nº 183/02-GCMA- TCDF.
Processo nº 010.827/1981.
REVER, a Instrução de 23/12/1996, publicada no DODF Nº 19, de 28/01/1997, que concedeu
aposentadoria a MARIA DE FÁTIMA MARQUES SAMPAIO, matrícula nº 114.118-0, no
cargo de Assistente Intermediário de Saúde II – Auxiliar de Enfermagem, do Quadro de Pessoal da
Secretaria de estado de Saúde do Distrito Federal, para considera-la nos termos do artigo 186,
inciso I, § 1º, e 189, § único, da Lei Nº 8.112, de 11/12/1990 e do artigo 41, §1º, inciso I, e § 8º da
Constituição da República Federativa do Brasil, alterado pelo artigo 1º da Emenda Constitucional
Nº 20, de 16/12/1998, em atendimento ao Acórdão da Quinta Turma Cível do Tribunal de Justiça
do Distrito Federal. Processo Nº 009.670/96
CONCEDER, nos termos dos artigos 215, 217, inciso I, alínea “a”, e 224, da Lei Nº 8.112, de 11/
12/1990, a contar de 15/10/2002, Pensão Vitalícia a OSWALDO RODRIGUES DA SILVA, viúvo
da ex-servidora THEREZINHA DE JESUS SILVA, matrícula nº 103.203-8, no cargo de Assisten-
te Intermediário de Saúde II - Auxiliar de Enfermagem, Classe Especial, Padrão V, do Quadro de
Pessoal da Secretaria de Estado de Saúde do Distrito Federal. Processo Nº 060.011203/2002
CONCEDER, nos termos dos artigos, 215, 217, inciso I, alínea “d”, e 224, da Lei Nº 8.112, de 11/
12/1990, a contar de 24/11/2000, Pensão Vitalícia a MARIA DE JESUS TIMÓTEO DA SILVA,
mãe da ex-servidora AUZENY TIMÓTEO NERY, matrícula nº 129.537-3, no cargo de Assistente
Intermediário de saúde II - Auxiliar de Enfermagem, 1ª Classe, Padrão VI, do Quadro de Pessoal
da Secretaria de Estado de Saúde do Distrito Federal. Processo Nº 276.000338/2001.
CONCEDER, nos termos dos artigos 215, 217, inciso I, alínea “a”, e 224, da Lei Nº 8.112, de 11/
12/1990, a contar de 27/09/2002, Pensão Vitalícia a MARIA SOLANGE PACHECO DOS
SANTOS, viúva do ex-servidor JOÃO VIEIRA DOS SANTOS, matrícula nº 114.361-1, na
Carreira Médica – Ginecologia e Obstetrícia, Classe Especial, Padrão V, do Quadro de Pessoal da
Secretaria de Estado de Saúde do Distrito Federal. Processo Nº 060.011114/2002",3,27.75,91.27300262451172,369.06561279296875,875.0289916992188,True
"CONCEDER, nos termos dos artigos 215,217, inciso II, alínea “a”, e 224, da Lei Nº 8.112, de 11/
12/1990, a contar de 05/05/2002, Pensão Temporária a GRACIANNE DIAS DE ARRUDA,
filha da ex-servidora ANTÔNIA DIAS DE VASCONCELOS, matrícula nº 126.605-5, no cargo de
Assistente Intermediário I - Auxiliar Operacional de Serviços Diversos – Limpeza e Conservação,
Classe Especial, Padrão IV, do Quadro de Pessoal da Secretaria de Estado de Saúde do Distrito
Federal. Processo Nº 060.009914/2002
CONCEDER, nos termos dos artigos 215, 217, inciso I, alínea “a”, inciso II, alínea “a”, e 224, da
Lei Nº 8.112, de 11/12/1990, a contar de 05/09/2002, Pensão Vitalícia a MARIA DE JESUS
MARQUES CAMELO, viúva, e Pensão Temporária a MARIA DA GLÓRIA MARQUES
CAMELO, filha do ex-servidor JOSÉ AFONSO CAMELO, matrícula nº 2659-X, no cargo de
Auxiliar de Administração Pública – AG-I, Classe Especial, Padrão I, do Quadro de Pessoal do
Distrito Federal. Processo Nº 060.010380/2002
REVER, na Instrução de 16/06/1999, publicada no DODF Nº 131, de 09/07/1999, que concedeu
Pensão Vitalícia a INÁCIA RODRIGUES DE OLIVEIRA, na qualidade de pessoa divorciada
com percepção de Pensão Alimentícia do ex-servidor ALMIRO DA COSTA BATALHA, matrí-
cula nº 100.403-4, no cargo de Médico – Biometria e Perícia Médica, Classe Especial, Padrão V,
a contar de 09/04/1999, para incluir em sua fundamentação legal, nos termos dos artigos 215, 218,
parágrafo 1º, inciso I, alínea “a”, e 224, da Lei Nº 8.112, de 11/12/1990, Pensão Vitalícia a
LEDIROZANE DA SILVA DE MARCO BATALHA, na qualidade de viúva do ex-servidor,
ficando os demais termos ratificados. Processo Nº 060.003158/2002
REVER, a Portaria de 26/03/1991, publicada no DODF Nº 60, de 01/04/1991, retificada pela
Portaria de 01/07/1996, publicada no DODF Nº 126, de 02/07/1996, revista pelo Decreto de
03/03/1999, publicado no DODF Nº 43, de 04/03/1999, retificado pela Portaria Nº 85, de 16/
11/2001, publicada no DODF Nº 219, de 17/11/2000, para excluir MARCO ANTÔNIO
PINA TIBERY COSTA, AÍDA PINA TIBERY COSTA e a ANGELA PINA TIBERY COS-
TA, por terem atingido a maioridade de 21 anos, nos termos do artigo 222, inciso IV, da Lei
Nº 8.112, de 11/12/1990, MARCO ANTÔNIO PINA TIBERY COSTA, AÍDA PINA TI-
BERY COSTA e a ANGELA PINA TIBERY COSTA, ficando os demais termos ratificados.
Processo Nº 030.001809/1991.
REVER a Instrução de 12/08/1997, publicada no DODF Nº 176, de 12/09/1997, que concedeu
Pensão Vitalícia a MARIA EZIA CORREIA DE SOUZA, viúva, e Pensão Temporária a
KARLA CORREIA DE SOUZA, filha do ex-servidor ADAIL PEREIRA DE SOUZA, matrí-
cula nº 101.817-5, no cargo de Assistente Intermediário de saúde II - Agente Administrativo,
Classe Especial, Padrão V, do Quadro de Pessoal da Secretaria de Estado de Saúde do Distrito
Federal, a contar de 23/07/1997, para excluir de sua fundamentação legal, nos termos do artigo
222, inciso IV, da Lei Nº 8.112, de 11/12/1990, KARLA CORREIA DE SOUZA, por ter
atingido a maioridade de 21 anos, a partir de 15/06/2000, ficando os demais termos ratificados.
Processo Nº 061.006725/1997.
ALUÍSIO TOSCANO FRANCA",3,396.75,61.27300262451172,738.79833984375,483.52899169921875,False
"PORTARIA DE 30 DE OUTUBRO DE 2002
O SECRETÁRIO DE ESTADO DE SAÚDE DO DISTRITO FEDERAL, no uso das atribui-
ções que lhe confere o inciso “x” do art. 204, do Regimento Interno da Secretaria de Estado de
Saúde, aprovado pela Portaria nº 40, de 23 de julho de 2001, resolve:
Designar os EXECUTORES do Contrato nº 067/2002/SES/DF., celebrado entre o Distrito Fede-
ral, por intermédio da Secretaria de Estado de Saúde e a empresa ENCOM COMÉRCIO E
REPRESENTAÇÕES LTDA., em 10 de outubro de 2002, conforme abaixo:
Nos Hospitais Regionais, Unidade Mista de São Sebastião, Laboratório de Ceilândia e Gerência
de Abastecimento Farmacêutica (Farmácia Central), consoante Cláusula Terceira do referido
Ajuste, os Senhores Gerentes e Administradores Operacionais.
ALUÍSIO TOSCANO FRANCA",3,396.75,492.52301025390625,738.7442016601562,611.0289916992188,True
"SUBSECRETARIA DE ATENÇÃO À SAÚDE
HOSPITAL DE BASE DO DISTRITO FEDERAL
COMISSÃO DE PROCESSO ADMINISTRATIVO DISCIPLINAR",3,442.5,619.7125244140625,690.7032470703125,659.0289916992188,False
"TERMO DE REVELIA
Em 30 de outubro de 2002
A Comissão de Processo Administrativo Disciplinar da Secretaria de Estado de Saúde do Distrito
Federal, devidamente instituída Portaria 29/08/02 e publicada no DODF em 30/08/02, com sede
no SMHS QUADRA 101, prédio do HOSPITAL DE BASE DO DISTRITO FEDERAL -
Brasília/DF., incumbida de apurar os fatos constantes no processo nº 270.000.698/2002, FAZ
SABER A LUTHERO NIZ, ocupante do Cargo Técnico de Radiologia, lotado na Radiologia/
HBDF, filho de Longino Niz e Adelina Fontes Niz, que por não ter sido Notificado pessoalmente
para acompanhar o processo em curso em virtude de encontrar-se em lugar incerto e não sabido,
esta Comissão na pessoa do seu Presidente e demais membros deliberaram unanimemente por
decretar a sua REVELIA.
GILVAN FERREIRA LIMA",3,396.75,668.0230102539062,738.6461181640625,796.2789916992188,False
"ORDEM DE SERVIÇO DE 28 DE OUTUBRO DE 2002
O DIRETOR DA DIREÇÃO REGIONAL DE SAÚDE DA ASA NORTE DA SUBSECRETA-
RIA DE ATENÇÃO À SAÚDE DA SECRETARIA DE ESTADO DE SAÚDE DO DISTRITO
FEDERAL, no uso das atribuições que lhe foram delegadas através do subitem 3 da Portaria Nº",3,396.75,830.0230102539062,738.0423583984375,874.2789916992188,False
"                                                                      Diário Oficial do Distrito Federal
PÁGINA   25
Nº 211,  segunda-feira, 4 de novembro de 2002",4,28.5,32.252498626708984,737.3685302734375,51.87474822998047,False
"02 de 16 de janeiro de 2001, publicada no DODF nº 12 de 17 de janeiro de 2001, pagina 19 e nos
termos do Decreto nº 21816 de 12 de dezembro de 2000, republicado em 15.12.2000, resolve:
DESIGNAR o servidor MAURÍCIO ROLO FILHO, ASS-Farmacêutico-Bioq., Matricula:
123.405-6, para substituir a servidora ALDENICE COUSSEIRO DE C. FILHA, Matricula
117.467-3, Chefe do Núcleo de Patologia Clínica, da Direção Regional de Saúde da Asa Norte,
símbolo DFG - 05, no período de 01 a 30 de novembro de 2002, por motivo de Licença Prêmio,
conforme MEMO Nº 223/2002-NUPAC/HRAN.
EVANDRO OLIVEIRA DA SILVA",4,28.5,61.27300262451172,369.088134765625,149.0290069580078,True
"SUBSECRETARIA DE APOIO OPERACIONAL
DIRETORIA DE RECURSOS HUMANOS",4,78.75,157.71249389648438,318.7792663574219,186.70375061035156,False
"ORDEM DE SERVIÇO DE 31 DE OUTUBRO DE 2002
O Diretor de Recursos Humanos da Subsecretaria de Apoio Operacional da Secretaria de Estado
de Saúde do Distrito Federal, no uso das atribuições que lhe foram delegadas através da letra “a”
do subitem 1.16 do item I da Portaria nº 11 de 11 de setembro de 2000, publicada no DODF nº 181
de 20 de setembro de 2000, página 10, resolve:
Retificação
Na Ordem de Serviço de 24 de setembro de 2002, publicado no DODF nº 185 de 26 de setembro
de 2002, página 24, o ato que Concedeu Licença sem Vencimentos por Motivo de Afastamento do
Cônjuge à servidora QUITERIA LUCIMAR GOMES ARAÚJO SOUTO MAIOR, AOSD-
Enfermagem, Matrícula nº 127.246-2:
Onde se Lê: “...conforme autos do processo nº 270.000.577/2002..”
Leia-se: “...a contar de 1º de fevereiro de 2003, conforme autos do processo nº 270.000.577/2002..”
LUIZ EDUARDO FONTENELLE DE VASCONCELOS SOARES",4,28.5,196.2729949951172,369.147216796875,337.27899169921875,False
"PORTARIA DE 31 DE OUTUBRO DE 2002
O SECRETÁRIO DE ESTADO DE INFRA-ESTRUTURA E OBRAS DO DISTRITO FEDE-
RAL, no uso de suas atribuições que lhe são conferidas pelo Decreto nº 23.212, de 06 de setembro
de 2002, resolve:
RETIFICAR na Portaria de 16/07/1990, publicado no Diário Oficial do Distrito Federal nº 138,
de 03/07/1990, o ato que concedeu pensão especial vitalícia a HORTÊNCIA MARIA STRAEHL
DE VASCONCELOS, viúva e temporária a CHRISTIANO STRAEHL DE VASCONCELOS e
MICHELE ANTÔNIA STRAEHL DE VASCONCELOS, filhos do ex – servidor GILTON
CAMELO DE VASCONCELOS, matrícula nº 14.753-2, no cargo de Técnico de Administração
Pública, Classe Especial, Padrão II, do Quadro de Pessoal do Distrito Federal, para incluir em sua
fundamentação legal as vantagens da Lei nº 6.732/1979, ficando ratificados os demais termos da
concessão inicial. Processo nº 030.010.587/1990.
RETIFICAR, na Portaria de 17/10/2002, publicada no DODF nº 201, de 18/10/2002, o ato que
reviu os proventos da aposentadoria de JACIARA RODRIGUES CUSTÓDIO, matrícula
nº19.228-7, Técnico de Administração Pública, Classe Especial, Padrão I, do Quadro de Pessoal
do Distrito Federal, para considerar seus efeitos retroativos a 05/02/98, ficando ratificados os
demais termos da concessão inicial. Processo nº 030.009.650/1997.
DAVID JOSÉ DE MATOS",4,28.5,380.02301025390625,369.7872314453125,575.7789916992188,False
"SECRETARIA DE SEGURANÇA PÚBLICA
E DEFESA SOCIAL",4,78.75,587.3574829101562,319.4845275878906,620.6642456054688,False
"DESPACHO DO SECRETÁRIO
Em 24 de outubro 2002
Referência: Processo nº 050.000.784/2002
Interessado: Albino Batista Ribeiro e outros.
Assunto: Despesas de Exercícios Anteriores (diferença de 13º salário de 2001)
À vista das instruções contidas nos autos e nos termos dos artigos 80 e 81 das Normas de
Execução Orçamentária, Financeira e Contábil do Distrito Federal, aprovadas pelo Decreto nº
16.098, de 29 de novembro de 1994, reconheço a dívida, no valor de R$ 10.288,89 (dez mil
duzentos e oitenta e oito reais e oitenta e nove centavos), em favor de ALBINO BATISTA
RIBEIRO E OUTROS, referente a Folha de Pagamento de Pessoal do mês de dezembro/2001,
correndo a despesa à conta da dotação orçamentária alocada ao elemento de despesa 31.90.92 -
Despesas de Exercícios Anteriores, do Subtítulo 8502/0028 - Administração de Pessoal da Secre-
taria de Segurança Pública.
Publique-se e restitua ao Departamento de Administração Geral para as providências complementares.
ATHOS COSTA DE FARIA",4,28.5,634.2730102539062,369.79736328125,797.0289916992188,False
"INSTRUÇÃO DE SERVIÇO Nº 814, DE 23 DE OUTUBRO DE 2002
O DIRETOR FERAL DO DEPARTAMENTO DE TRÂNSITO DO DISTRITO FEDERAL,
no uso das atribuições que lhe confere artigo 81º, inciso XXVII do Regimento aprovado pelo
decreto nº 1978, de 18 de novembro de S1988, com fulcro na Instrução de Serviço nº 103/2001 e",4,28.5,830.0230102539062,369.07745361328125,874.2789916992188,False
"de acordo com o que consta no processo 055.016050/2002, resolve:
Aplicar a penalidade de advertência ao Examinador de Trânsito, Maura de Oliveira, código 5657,
por ter transgredido o Artigo 11, item VI da I.S. nº 103/2001.
ALMIR MAIA RIBEIRO",4,396.75,61.27300262451172,737.3193969726562,106.27899932861328,False
"INSTRUÇÃO DE SERVIÇO Nº 815, DE 23 DE OUTUBRO DE 2002
O DIRETOR FERAL DO DEPARTAMENTO DE TRÂNSITO DO DISTRITO FEDERAL,
no uso das atribuições que lhe confere artigo 81º, inciso XXVII do Regimento aprovado pelo
decreto nº 1978, de 18 de novembro de 1988, com fulcro na Instrução de Serviço nº 103/2001 e de
acordo com o que consta no processo 055.016050/2002, resolve:
Aplicar a penalidade de advertência ao Examinador de Trânsito, Flaviano Soares da Silva, código
2003, por ter transgredido o Artigo 11, item VII e XVI da I.S. nº 103/2001.
ALMIR MAIA RIBEIRO",4,396.75,115.27300262451172,737.3246459960938,203.0290069580078,False
"INSTRUÇÃO DE SERVIÇO N° 833, DE 21 DE OUTUBRO DE 2002
O DIRETOR GERAL DO DEPARTAMENTO DE TRÂNSITO DO DISTRITO FEDERAL,
no uso das atribuições que lhe confere o Art. 81, Inciso XL, do Regimento aprovado pelo Decreto
19.788 de 18 de novembro de 1998, resolve:
Nomear o servidor CHARLES DE MELO TROVÃO, assistente de trânsito, mat. nº 0978-4, em
substituição a servidora ANDREIA DA SILVA SOARES, assistente de trânsito, mat. nº 989-X,
no Processo Administrativo Disciplinar Nº 055.005089/2000.
ALMIR MAIA RIBEIRO",4,396.75,212.7729949951172,738.016845703125,300.52899169921875,False
"ORDEM DE SERVIÇO DE 14 DE OUTUBRO DE 2002
O CHEFE DE POLÍCIA CIVIL SUBSTITUTO DO DISTRITO FEDERAL, tendo em vista o
contido no artigo 1º do Decreto nº 21.816, de 12.12.2000, e no uso da delegação de competência
que lhe foi conferida pelo artigo 7º, inciso VI, da mesma norma legal, resolve:
1 – Designar a Auxiliar de Apoio às Atividades Policiais Civis MARIA BERNADETE DOS S.
OLIVEIRA, matrícula nº 31.905-8, para substituir a Auxiliar de Apoio às Atividades Policiais
Civis ENIRES MENDES CORNÉLIO SILVA, matrícula nº 22.360-3, Chefe da Seção de Controle
de Equipamentos/DITEL/DAG/PCDF, Símbolo DFG-08, por motivo de licença para tratamento
de saúde, no período de 02.09 a 09.09.2002
2– Designar a Auxiliar de Apoio às Atividades Policiais Civis MARIA BERNADETE DOS S.
OLIVEIRA, matrícula nº 31.905-8, para substituir a Auxiliar de Apoio às Atividades Policiais
Civis ENIRES MENDES CORNÉLIO SILVA, matrícula nº 22.360-3, Chefe da Seção de Controle
de Equipamentos/DITEL/DAG/PCDF, Símbolo DFG-08, por motivo de licença para tratamento
de saúde, no período de 14.09 a 16.09.2002
3– Designar a Auxiliar de Apoio às Atividades Policiais Civis MARIA BERNADETE DOS S.
OLIVEIRA, matrícula nº 31.905-8, para substituir a Auxiliar de Apoio às Atividades Policiais
Civis ENIRES MENDES CORNÉLIO SILVA, matrícula nº 22.360-3, Chefe da Seção de Controle
de Equipamentos/DITEL/DAG/PCDF, Símbolo DFG-08, por motivo de licença para tratamento
de saúde, no período de 19.09 a 19.10.2002
4 – Designar o Agente de Polícia MILTON MASSAO MATUDA, matrícula nº 57.626-3, para
substituir o Agente de Polícia RONALDO MENDES FIGUEIREDO, matrícula nº 31.492-7,
Chefe da Seção de Delitos de Trânsito/1ª DP/DPC/PCDF, Símbolo DFG-08, por motivo de férias
regulamentares, no período de 09.10 a 23.10.2002
5– Designar o Agente de Polícia CLEITON ANTUNES CINTRA, matrícula nº 58.274-3, para
substituir a Agente de Polícia TATIANA ALVES VIEIRA FREIRE, matrícula nº 57.705-7, Chefe
da Seção de Apoio Administrativo/1ª DP/DPC/PCDF, Símbolo DFG-08, por motivo de férias
regulamentares, no período de 09.10 a 18.10.2002
6– Designar a Agente de Polícia ROSIMEIRE PEREIRA DOS SANTOS, matrícula nº 27.574-3,
para substituir o Agente de Polícia OSANO JOSÉ DOS SANTOS NETO, matrícula nº 27.708-
8, Chefe da Seção de Rádio II/CEPOL/DEPATE/PCDF, Símbolo DFG-08, por motivo de licença
prêmio por assiduidade, no período de 01.11 a 30.11.2002
7– Designar o Agente de Polícia CLEBER PERALTA GOMES, matrícula nº 27.619-7, para
substituir o Agente de Polícia JOAQUIM ENEAS DUTRA BARRETO, matrícula nº 27.625-1,
Chefe da Seção de Homicídios Dolosos/DH/DPE/PCDF, Símbolo DFG-08, por motivo de licen-
ça a prêmio por assiduidade, no período de 11.11 a 10.12.2002
JOÃO RODRIGUES DOS SANTOS",4,396.75,343.27301025390625,737.9990844726562,733.2789916992188,True
"ORDEM DE SERVIÇO DE 29 DE OUTUBRO DE 2002
O CHEFE DE POLÍCIA CIVIL SUBSTITUTO DO DISTRITO FEDERAL, tendo em vista o
contido no artigo 1º do Decreto nº 21.816, de 12.12.2000, e no uso da delegação de competência
que lhe foi conferida pelo artigo 7º, inciso VI, da mesma norma legal, resolve:
1 – Designar o Escrivão de Polícia HERIVELTO RIBEIRO DOS SANTOS, matrícula nº 46.797-
9, para substituir a Escrivã de Polícia ELENA JOSÉ DOS S. MAGALHÃES, matrícula nº
21.605-4, Chefe do Cartório/20ª DP/DPC/PCDF, Símbolo DFG-08, por motivo de licença prê-
mio por assiduidade, no período de 04.11 a 03.12.2002
2 – Designar a Agente de Polícia LUZIA RODRIGUES SIQUEIRA DIAS, matrícula nº 47.742-
7, para substituir o Agente de Polícia NEI DE SOUZA ALVES, matrícula nº 47.193-3, Chefe da
Seção de Vigilância e Operações/20ª DP/DPC/PCDF, Símbolo DFG-08, por motivo de férias
regulamentares, no período de 11.11 a 25.11.2002",4,396.75,743.0230102539062,737.9859619140625,875.0289916992188,True
"                                     Diário Oficial do Distrito Federal
PÁGINA   26
Nº 211,  segunda-feira, 4 de novembro de 2002",5,27.75,31.502498626708984,736.6690673828125,51.12474822998047,False
"3 – Designar o Agente de Polícia LUCIANO DE ARAÚJO DALCOL, matrícula nº 57.699-9,
para substituir o Agente de Polícia WESLEY LUSTOSA TELES, matrícula nº 47.318-9, Chefe da
Seção de Apoio Administrativo/20ª DP/DPC/PCDF, Símbolo DFG-08, por motivo de férias
regulamentares, no período de 25.11 a 09.12.2002
4 – Designar o Técnico de Apoio às Atividades Policiais Civis VICENTE PAULO F. MARA-
NHÃO, matrícula nº 21.842-1, para substituir a Auxiliar de Apoio às Atividades Policiais Civis
LEILA DE SOUSA, matrícula nº 43.808-1, Chefe da Seção de Apoio Administrativo/16ª DP/
DPC/PCDF, Símbolo DFG-08, por motivo de férias regulamentares, no período de 10.09 a
19.09.2002
5 – Designar a Agente de Polícia IVANY DE BARROS SILVA, matrícula nº 34.220-3, para
substituir o Agente de Polícia MAURO MARTINS, matrícula nº 31.439-0, Chefe da Seção de
Investigações/CPD/PCDF, Símbolo DFG-08, por motivo de férias regulamentares, no período de
14.10 a 23.10.2002
6 – Designar o Perito Criminal FERNANDO PUTTINI C. RAMOS, matrícula nº 26.590-X, para
substituir o Perito Criminal MAURO JOSÉ OLIVEIRA YARED, matrícula nº 39.271-5, Diretor
da Divisão de Perícias Externas/IC/DPT/PCDF, Símbolo DFG-11, por motivo de férias regula-
mentares, no período de 14.10 a 28.10.2002
7 – Designar a Perita Criminal ARLANA FERNANDES AZEVEDO, matrícula nº 27.141-1, para
substituir a Perita Criminal SUELI MARTINS, matrícula nº 19.382-8, Diretor da Divisão de
Perícias em Laboratórios/IC/DPT/PCDF, Símbolo DFG-11, por motivo de férias regulamentares,
no período de 11.11 a 30.11.2002
8 – Designar o Delegado de Polícia JORGE LUIZ XAVIER, matrícula nº 57.656-5, para substituir
o Delegado de Polícia RICARDO YAMAMOTO, matrícula nº 27.191-8, Delegado-Chefe/10ª
DP/DPC/PCDF, Símbolo DFG-14, por motivo de férias regulamentares, no período de 14.10 a
28.10.2002
9 – Designar a Perita Criminal MARIA INÊS DE OLIVEIRA AGUIAR BARBOSA, matrícula nº
23.686-1, para substituir o Perito Criminal FLÁVIO SARAIVA DOS SANTOS, matrícula nº
39.461-0, Chefe da Seção de Perícias em Audiovisuais/DPL/IC/DPT/PCDF, Símbolo DFG-08,
por motivo de férias regulamentares, no período de 16.08 a 30.08.2002
JOÃO RODRIGUES DOS SANTOS",5,27.75,61.27300262451172,369.7269592285156,386.77899169921875,True
"SECRETARIA DE MEIO AMBIENTE
E RECURSOS HÍDRICOS",5,95.25,398.3575134277344,300.75048828125,431.66424560546875,False
"ORDEM DE SERVIÇO Nº 60, DE 31 DE OUTUBRO DE 2002
A DIRETORA DO JARDIM BOTÂNICO DE BRASÍLIA, no uso das atribuições que lhe são
conferidas pelo inciso XI, artigo 30 do Regimento aprovado pelo Decreto nº 15.773 de 18 de julho
de 1994 e com fulcro no inciso III do artigo 141 da Lei 8.112/90, resolve:
Aplicar a pena disciplinar de ADVERTÊNCIA, ao servidor ROBSON DA SILVA JORGE,
matrícula nº 07.069-6, Técnico de Administração Pública, com base no artigo 129 da Lei 8.112,
por violação aos incisos II e XVIII do artigo 117 do mesmo diploma legal, conforme consta nos
autos do Processo nº 195.000.144/2002
ANAJULIA ELIZABETE HERINGER SALLES",5,27.75,469.27301025390625,368.32476806640625,567.5289916992188,False
"ORDEM DE SERVIÇO Nº 61, DE 31 DE OUTUBRO DE 2002
A DIRETORA DO JARDIM BOTÂNICO DE BRASÍLIA, no uso das atribuições que lhe são
conferidas pelo inciso X, artigo 30 do Regimento aprovado pelo Decreto nº 15.773 de 18 de julho
de 1994, resolve:
Designar ÚRSULA DE JESUS ALMEIDA VIANA, matrícula nº 52.618-5, Encarregado, símbolo
DFG-03, para substituir MÔNICA APARECIDA DE BORBA, matrícula nº 52.637-1, Chefe da
Seção de Apoio Educacional, símbolo DFG-08, do Jardim Botânico de Brasília da Secretaria de
Meio Ambiente e Recursos Hídricos do Distrito Federal, no período de 18/11 a 17/12/2002, por
motivo de férias da titular.
ANAJÚLIA ELIZABETE HERINGER SALLES",5,27.75,577.2730102539062,368.3509216308594,686.0289916992188,True
"SECRETARIA DE DESENVOLVIMENTO URBANO
E HABITAÇÃO",5,51.75,698.3574829101562,343.5582580566406,730.9142456054688,False
"PORTARIA Nº 151, DE 31 DE OUTUBRO DE 2002
A SECRETÁRIA DE ESTADO DE DESENVOLVIMENTO URBANO E HABITAÇÃO
DO DISTRITO FEDERAL, no uso de suas atribuições que lhe confere o Art. 2º, da Lei
nº 1.797, de 18 de dezembro de 1997, e tendo em vista o que consta no art. 15, inciso
XXV, do Decreto nº 21.170, de 05 de maio de 2000, e art. 5º do Decreto nº 21.288, de 27
de junho de 2000, resolve:
Art. 1 o Designar a servidora LIBÂNIA LOPES CABEZON, matrícula no 24.187-3, DFA
10, Assessora Técnica da Gerência de Acompanhamento de Programas Habitacionais, da
Subsecretaria de Promoção à Moradia, da Secretaria de Estado de Desenvolvimento
Urbano e Habitação, para substituir por motivo de férias, sem prejuízo de suas atribui-
ções, a servidora DENISE TELLES DE MENEZES, matricula nº 24.222-5, DFG 12,
Gerente da Gerência de Acompanhamento de Programas Habitacionais, da Subsecretaria",5,27.75,744.5230102539062,369.3913879394531,874.2789916992188,False
"de Promoção à Moradia, da Secretaria de Estado de Desenvolvimento Urbano e Habita-
ção, no período de 29/10/2002 à 12/11/2002
MARIA DA GLÓRIA RINCON FERREIRA",5,396.75,61.27300262451172,736.9442138671875,95.02899932861328,False
"SECRETARIA DE COORDENAÇÃO
DAS ADMINISTRAÇÕES REGIONAIS",5,454.5,106.60749816894531,678.0103759765625,139.91424560546875,False
"ORDEM DE SERVIÇO Nº 259, DE 28 DE OUTUBRO DE 2002
O ADMINISTRADOR REGIONAL DE BRASÍLIA, no uso de competência que lhe é atribuída
pelo item XLVI, do Artigo 64 do Regimento Interno, aprovado pelo Decreto nº 16.246, de 29 de
dezembro de 1994. resolve:
DESIGNAR o servidor MANOEL ARAÚJO PINTO, Inspetor de Atividades Urbanas, matrícu-
la 24.378-7, como EXECUTOR do Contrato de Concessão de Uso de nº 119/2002 sobre o imóvel
do Distrito Federal e áreas contíguas à Projeção 08, Super Quadra Norte 212 (Numeração Predial
– Setor de Habitações Coletivas Norte, Super Quadra 212, Bloco “E”), referente ao processo nº
141.006.333/2000, firmado entre o Distrito Federal e a concessionária CONTERC – CONS-
TRUÇÃO, TERRAPLENAGEM E CONSULTORIA LTDA, representado por ROBERTO
RUBINGER BOTELHO, na qualidade de Procurador.
FERNANDO LEITE DE GODOY",5,396.75,177.5229949951172,738.0101928710938,308.02899169921875,True
"ORDEM DE SERVIÇO Nº 260, DE 28 DE OUTUBRO DE 2002
O ADMINISTRADOR REGIONAL DE BRASÍLIA, no uso de competência que lhe é atribuída
pelo item XLVI, do Artigo 64 do Regimento Interno, aprovado pelo Decreto nº 16.246, de 29 de
dezembro de 1994. resolve:
DESIGNAR o servidor SERGIO YAMADA, Inspetor de Atividades Urbanas, matrícula 24.374-
4, como EXECUTOR do Contrato de Concessão de Uso de nº 141/2002 sobre o imóvel do
Distrito Federal e áreas contíguas à Projeção 05, Super Quadra Norte 215, Setor de Habitações
Coletivas Norte (Numeração Predial – Setor de Habitações Coletivas Norte, Super Quadra Norte
215, Bloco “E”), referente ao processo nº 141.000.338/1999, firmado entre o Distrito Federal e
concessionária FUNDAÇÃO HABITACIONAL DO EXÉRCITO, representado por CLÓVIS
JACY BURMANN, na qualidade de Presidente.
FERNANDO LEITE DE GODOY",5,396.75,317.77301025390625,738.0155639648438,448.27899169921875,True
"ORDEM DE SERVIÇO Nº 119, DE 29 DE OUTUBRO DE 2002
O ADMINISTRADOR REGIONAL DE CEILÂNDIA, no das atribuições que lhe confere o Inciso
XLIII, artigo 53, do Regimento aprovado pelo Decreto nº 16.247, de 29 de dezembro de 1994, resolve:
CONCEDER nos termos do artigo 97, alínea b, da Lei 8.112/90, Licença Nojo a servidora
VANDECY DA CRUZ, mat. 31.067-0, pelo falecimento de ARNALDO ANTONIO DA CRUZ,
conforme consta da Certidão de Óbito nº 57356, folha 272, livro C-117, do 2º ofício de Registro
Civil e Casamentos, Títulos, Documentos e Pessoas Jurídicas, pelo período de 25 a 01.08.2002
MILTON BARBOSA RODRIGUES",5,396.75,482.02301025390625,738.0064697265625,569.7789916992188,False
"ORDEM DE SERVIÇO Nº 91, DE 30 DE OUTUBRO DE 2002
O ADMINISTRADOR REGIONAL DE SAMAMBAIA, no uso das atribuições que lhe confe-
re o Art. 53, inciso XXV, do Decreto 16.247, de 29 de dezembro de 1994, combinado com o Art.
7.º, Parágrafo único, do Decreto 13.447, de 17 de setembro de 1991, alterado pelo Decreto
16.955, de 22 de novembro de 1995, resolve:
CONCEDER: Indenização de Transporte ao servidor CARLOS FERNANDO MOURA, Ge-
rente da Expansão de Samambaia, matricula 109.422-X, pela execução sistemática de serviços
externos, inerentes à função ora ocupada, a partir de 08 de fevereiro de 2002, referente ao
processo nº 142.000.354/2002
Para fazer jús ao benefício, caberá à Chefia imediata, bem como o servidor interessado, observân-
cia aos requisitos estabelecidos no Decreto supra.
ROBERTO GONÇALVES JORGE",5,396.75,603.5230102539062,738.0345458984375,734.0289916992188,False
"ORDEM DE SERVIÇO Nº 92, DE 30 DE OUTUBRO DE 2002
O ADMINISTRADOR REGIONAL DE SAMAMBAIA, no uso das atribuições que lhe confe-
re o Art. 53, inciso XXV, do Decreto 16.247, de 29 de dezembro de 1994, combinado com o Art.
7.º, Parágrafo único, do Decreto 13.447, de 17 de setembro de 1991, alterado pelo Decreto
16.955, de 22 de novembro de 1995, resolve:
CONCEDER: Indenização de Transporte ao servidor JOSÉ ANSELMO DE SOUZA, Chefe de
Aprovação de Licenciamento da Gerência da Expansão de Samambaia, matricula 109.826-8, pela
execução sistemática de serviços externos, inerentes à função ora ocupada, a partir de 15 de maio
de 2002, referente ao processo nº 142.001.587/2002
Para fazer jús ao benefício, caberá à Chefia imediata, bem como o servidor interessado, observân-
cia aos requisitos estabelecidos no Decreto supra.
ROBERTO GONÇALVES JORGE",5,396.75,743.7730102539062,738.0345458984375,874.2789916992188,False
"                                                                      Diário Oficial do Distrito Federal
PÁGINA   27
Nº 211,  segunda-feira, 4 de novembro de 2002",6,28.5,32.252498626708984,737.3685302734375,51.87474822998047,False
"ORDEM DE SERVIÇO DE Nº 93, DE 31 DE OUTUBRO DE 2002
O ADMINISTRADOR REGIONAL DE SAMAMBAIA, no uso das atribuições que lhe confe-
re o Decreto nº 16.247, de 29 de dezembro de 1994, do Regimento das Administrações Regionais
no seu Artigo 53, Inciso XXXIII, resolve:
DESIGNAR os servidores: MARCO ANTÔNIO FERREIRA DE SANTANA, Diretor da Divi-
são Regional de Fiscalização de Obras e Posturas, matricula 46.070-2, DAGOBERTO JUSTINI-
ANO FERREIRA, Diretor da Divisão Regional de Exame, Aprovação e Elaboração de Projetos,
matricula 110.036-X e APARECIDA OLIVERIRA MACHADO, Assessora de Gabinete, matri-
cula 108.880-7, para sob a presidência do primeiro e secretariado pelo terceiro, comporem a
Comissão de Sindicância, de acordo com o processo de nº 142002306/2002
A comissão terá o prazo de 30 (trinta) dias consecutivos, contados a partir da data de publicação
desta Ordem de Serviço no Diário Oficial, para conclusão dos trabalhos.
ROBERTO GONÇALVES JORGE",6,28.5,61.27300262451172,369.7731018066406,203.0290069580078,True
"ORDEM DE SERVIÇO Nº 94, DE 31 DE OUTUBRO DE 2002
O ADMINISTRADOR REGIONAL DE SAMAMBAIA, no uso das atribuições que lhe confe-
re o Art. 53, inciso XXV, do Decreto 16.247, de 29 de dezembro de 1994, combinado com o Art.
7.º, Parágrafo único, do Decreto 13.447, de 17 de setembro de 1991, alterado pelo Decreto
16.955, de 22 de novembro de 1995, resolve:
CONCEDER: Indenização de Transporte ao servidor WILLIAM VIEIRA PEREIRA, Diretor da
Divisão Regional de Obras, matricula 95.628-7, pela execução sistemática de serviços externos, ineren-
tes à função ora ocupada, a partir de 30 de setembro de 2002, referente ao processo nº 142002246/2002
Para fazer jús ao benefício, caberá à Chefia imediata, bem como o servidor interessado, observân-
cia aos requisitos estabelecidos no Decreto supra.
ROBERTO GONÇALVES JORGE",6,28.5,212.7729949951172,369.7848815917969,332.77899169921875,False
"ORDEM DE SERVIÇO Nº 70, DE 31 DE OUTUBRO DE 2002
A Administradora Regional de Santa Maria, no uso das atribuições que lhe são conferidas
pela Lei nº 423, de 23 de março de 1993 e considerando a orientação contida na Decisão nº
3647/2002 do TCDF, resolve:
01 – Designar os servidores GERALDO MACHADO JÚNIOR, Assessor Técnico, matrícula
109.519-9; AMILTON JORGE MARES DE OLIVEIRA, Fiscal de Atividades Urbanas, matrícula
22.547-9; ELAINE BARBOSA VALADARES, Auxiliar de Administração, matrícula 95.444-6 e
ADAIL MACEDO DA SILVA RODRIGUES, Assessora de Gabinete, matrícula 107.555-1, para
sobre a presidência do primeiro e secretariado pela última, constituírem Tomada de Contas Especial
na Região Administrativa de Santa Maria – RAXIII, com vistas a dimensionar os prejuízos causados
aos Cofres Públicos e alcançar a responsabilidade das autoridades que favoreceram a inadimplência
das taxas de ocupação dos boxes da Feira Central. A comissão terá o prazo de até 90 (noventa) dias,
contados da data de instauração da TCE para realizar e concluir os trabalhos.
02 – Esta Ordem de Serviço entra em vigor na data de sua publicação.
MARIA DO SOCORRO LUCENA",6,28.5,366.52301025390625,369.9319152832031,529.2789916992188,True
"ORDEM DE SERVIÇO Nº 70, DE 21 DE OUTUBRO DE 2002
A ADMINISTRADORAREGIONAL DO RECANTO DAS EMAS, no uso das atribuições que
lhe confere o artigo 35 do Decreto nº 22.338 de 24 de agosto de 2001 resolve:
DESIGNAR, o servidor CLAUDIO DE SÁ FERREIRA, Chefe do Serviço de Calculo, matrícula
nº 49.849-1; PATRICIA REZENDE SALLES, Chefe da Seção de Licenciamento de Obras, matri-
cula nº 107.901-8 e JARBAS DUTRA GARCIA, Chefe do Núcleo de Ord. Territorial, matricula
nº 108.586-7, para sob a presidência do primeiro, comporem comissão responsável pelo recebi-
mento provisório e definitivo da obra de Execução de Praças nas quadras 103 e 509/510, conforme
constante no processo nº 145.000.505/2002
MARIA DE FATIMA CABRAL BARBOZA",6,28.5,563.0230102539062,369.10101318359375,672.5289916992188,True
"ORDEM DE SERVIÇO N. º 83, DE 30 DE OUTUBRO DE 2002
O Administrador Regional do Riacho Fundo, no uso de suas atribuições legais, e tendo em vista
relatório, apresentado pela Comissão de Avaliação de Desempenho e Mérito, constituída por
intermédio da Ordem de Serviço nº 82, de 09 de outubro de 2002, publicada no DODF nº196 de 11/
10/2002, composta pelos servidores VANDERLI CORREA DA COSTA, Presidente, MARIA
NEIDE BATISTA OLIVEIRA,TEREZINHA GUIMARAES DA CRUZ DANTAS, ANTONIO
DA SILVA VIEIRA, Membros e Secretariado por MARIA JOSE RODRIGUES DE LIMA .
1 - Publicar o resultado da Avaliação de Desempenho dos servidores lotados na Administração
Regional do Riacho Fundo, abaixo relacionados, referente ao período de 16/10/2001 a 15/10/2002
2 – Fica estipulado o prazo de 05 (cinco) dias úteis para interposição de recurso por parte dos
Servidores a contar a data de publicação desta Ordem de Serviço.
Matrícula                     Nome Média Conceito
19.813.7 ARZ WARD DE OLIVEIRA 5,00 EXCELENTE
24634.4 MIGUEL ANGELO LIMA M. DA SILVA 5,00 EXCELENTE
21.834.0 JANETE MARTINS DA SILVA 4,90 EXCELENTE
22.364.6 JOSE ODERMO DE SOUZA 5,00 EXCELENTE",6,28.5,706.2730102539062,369.88427734375,877.2789916992188,False
"24.837.4 KATIA BEATRIZ DE OLIVEIRA 4,87 EXCELENTE
24.959.9 LUIZ AZEVEDO 5,00 EXCELENTE
25.277.8 ALYSSON SAUDE OTTONI 4,65 EXCELENTE
27.346.5 Mª DE FATIMA LIRA DE MESQUITA 4,65 EXCELENTE
28.948.5 JOSE ALIS AZEVEDO LIMA 4,80 EXCELENTE
 30.466.2 MARIA DA CONCEIÇÃO G. DE CARVALHO 4,50 EXCELENTE
 30.483.2 HELLY MARIA BOMTEMO 4,50 EXCELENTE
 30.561.8 JOSE RODRIGUES CARDOSO 5,00 EXCELENTE
31.275.4 TEREZINHA GUIMARAES DA CRUZ DANTAS 4,90 EXCELENTE
36.252.2 ANTONIO LUIZ VIANA RIBEIRO 5,00 EXCELENTE
37.151.3 ELGENI RAMOS DE SOUZA 4,65 EXCELENTE
39.080.1 MIRIAM DE OLIVEIRA LEMOS 5,00 EXCELENTE
39.198.0 MARCIA MALAQUIAS DA SILVA 5,00 EXCELENTE
39.223.5 DOMINGOS FERREIRA DE LIMA 5,00 EXCELENTE
40.568.X HERBERT WILLIAM DE OLIVEIRA FELIX 5,00 EXCELENTE
40.630.9 ADRIANE VALE DE SOUZA 4,75 EXCELENTE
40.636.8 MARIA DOLORES FARIAS ROCHA 5,00 EXCELENTE
40.665.4 ADMAR DOS SANTOS MENEZEZ 4,65 EXCELENTE
40.698.8 ALEXANDRE VARGAS FERREIRA 4,65 EXCELENTE
40.959.6 VALTERSON DA SILVA 4,87 EXCELENTE
41.046.2 MARIA APARECIDA DE RESENDE 4,97 EXCELENTE
41.087.X WELLINGTON PEREIRA GUEDES 4,90 EXCELENTE
41.148.5 ERLON REGES DA SILVA 4,87 EXCELENTE
41.190.6 WENDELL RODRIGUES FELICIANO 4,97 EXCELENTE
41.562.6 NELSON LOPES DE SOUSA 4,97 EXCELENTE
41.573.1 SONIA MARIA DE OLIVEIRA 5,00 EXCELENTE
41.682.7 SAUL FRANCISCO DOS SANTOS 5,00 EXCELENTE
42.028.X LUZIA NOEZIA DE OLIVEIRA 4,76 EXCELENTE
42.350.5 MARIA JOSE RODRIGUES DE LIMA 5,00 EXCELENTE
42.413.7 MARIA NEIDE BATISTA OLIVEIRA 4,90 EXCELENTE
42.647.4 JAIRO BATISTA DE OLIVEIRA 5,00 EXCELENTE
42.756.X SILVANI GOMES DE OLIVEIRA 16.10.2001 A 08.02.2002 4,97 EXCELENTE
43.686.0 GEORGEANO TRIGUEIRO FERNANDES 5,00 EXCELENTE
43.716.6 VANDERLI CORREA DA COSTA 4,70 EXCELENTE
43.905.3 TEREZINHA DE JESUS SOUSA NASCIMENTO 5,00 EXCELENTE
46.188.1 SORAIA BRAGA LOPES 4,87 EXCELENTE
46.313.2 HAMILTON NOLETO MOREIRA 5,00 EXCELENTE
91.322.7 JOSE DE ALMEDA DOS SANTOS 4,90 EXCELENTE
91.407.X ROBSOM MOTA GONÇALVES 5,00 EXCELENTE
91.477.0 CASSIA MAYARA DE ARAUJO 5,00 EXCELENTE
91.486.X RODNEY FELIX CARVALHO DA COSTA 4,90 EXCELENTE
91.584-X GILBERTO PRIMO DE ARAÚJO * *
91.565-3 MARTA DE SOUSA SANTANA FREITAS **** ****
91.87.X ANTONIO DA SILVA VIEIRA 5,00 EXCELENTE
99.001.9 MANOEL BARBOSA DA SILVA 5,00 EXCELENTE
108.608.1 JOSE ADRIANO MARCELINO MARIZ 5,00 EXCELENTE
HEBERT WILLIAN DE OLIVEIRA FELIX",6,396.75,61.27300262451172,734.4434814453125,535.2789916992188,False
"SECRETARIA EXTRAORDINÁRIA DE FISCALIZAÇÃO
DE ATIVIDADES URBANAS",6,410.25,546.8574829101562,723.0283203125,580.1642456054688,False
"PORTARIA Nº 42, DE 31 OUTUBRO DE 2002
O SECRETÁRIO DA SECRETARIA EXTRAORDINÁRIA DE FISCALIZAÇÃO DE ATIVI-
DADES URBANAS DO DISTRITO FEDERAL, no uso das atribuições que lhe confere o
Parágrafo único do Art. 4º do Decreto nº 22.944, de 08 de maio de 2002, considerando a carência
de Inspetores de Atividades Urbanas na área de especialização Obras, Edificações e Urbanismo,
na Região Administrativa de Santa Maria, resolve:
Redistribuir o Inspetor de Atividades Urbanas na área de Especialização Obras, Edificações e
Urbanismo, LUIZ FELIPE LAURIA, matrícula nº 41.646-0, das atividades na Secretaria Extra-
ordinária de Fiscalização de Atividades Urbanas para exercício de suas atribuições na Divisão de
Fiscalização de Obras e Posturas da Administração Regional de Santa Maria/RA-XIII, devendo o
mesmo apresentar-se no prazo de 3 (três) dias a partir da publicação desta Portaria.
ANTONIO CARLOS MORAIS",6,396.75,593.7730102539062,738.6983642578125,724.2789916992188,False
"PORTARIA Nº 43, DE 31 OUTUBRO DE 2002
O SECRETÁRIO DA SECRETARIA EXTRAORDINÁRIA DE FISCALIZAÇÃO DE ATIVI-
DADES URBANAS DO DISTRITO FEDERAL, no uso das atribuições que lhe confere o
Parágrafo único do Art. 4º do Decreto nº 22.944, de 08 de maio de 2002, considerando a carência
de Inspetores de Atividades Urbanas na área de especialização Obras, Edificações e Urbanismo,
na Região DO Núcleo Bandeirante, resolve:
Redistribuir o Inspetor de Atividades Urbanas na área de Especialização Obras, Edificações e
Urbanismo, MANOEL ARAÚJO PINTO, matrícula nº 24.378-7, das atividades na Secretaria
Extraordinária de Fiscalização de Atividades Urbanas para exercício de suas atribuições na Divi-
são de Fiscalização de Obras e Posturas da Administração Regional de Brasília/RA-I, para exer-
cício de suas atribuições na Divisão Regional do Núcleo Bandeirante/RA-VIII, devendo o mesmo
apresentar-se no prazo de 3 (três) dias a partir da publicação desta Portaria.
ANTONIO CARLOS MORAIS",6,396.75,734.0230102539062,738.6983642578125,874.2789916992188,False
