,Unnamed: 0,id_dodf,tipo_rel,id_rel,anotador_rel,tipo_ent,id_ent,anotador_ent,offset,length,texto,id_ato
0,1084,20_13.12.2019,REL_ANUL_REVOG_LICITACAO,R6,anotador_33083317,AVISO_ANUL_REV_LICITACAO,7,anotador_33083317,423546,1045,"AVISO DE ANULACAO PREGAO ELETRONICO (SRP) 10/2019 (EXCLUSIVO PARA ENTIDADES PREFERENCIAIS) A SECRETARIA DE ESTADO DA AGRICULTURA, ABASTECIMENTO E DESENVOLVIMENTO RURAL DO DISTRITO FEDERAL, torna publico que fica anulada a licitacao supracitada, referente ao Processo no 00070-00004102/2019-61. Objeto: Contratacao de servico de investigacao geotecnica para execucao de sondagem a percussao. Serao aproximadamente 30 (trinta) furos de sondagem a percussao, distribuidos em diversos terrenos de propriedade do Governo do Distrito Federal, visando subsidiar a elaboracao de projetos de fundacoes para edificacoes voltadas para a area rural e/ou para a manutencao dos proprios da SEAGRI, sobretudo nas Regioes Administrativas de Brazlandia, Lago Norte, Paranoa, Planaltina, Plano Piloto (Asa Norte) e Sao Sebastiao, para fins de correcao da forma de apresentacao dos precos em termo de referencia, para que seja possivel aos licitantes incluir nos precos ofertados todos os custos necessarios a execucao do servicos. EDILENE DIAS CERQUEIRA Pregoeira",20_13.12.2019-R6
1,1085,20_13.12.2019,REL_ANUL_REVOG_LICITACAO,R6,anotador_33083317,modalidade_licitacao,1,anotador_33083317,423564,17,PREGAO ELETRONICO,20_13.12.2019-R6
2,1086,20_13.12.2019,REL_ANUL_REVOG_LICITACAO,R6,anotador_33083317,numero_licitacao,2,anotador_33083317,423588,7,10/2019,20_13.12.2019-R6
3,1087,20_13.12.2019,REL_ANUL_REVOG_LICITACAO,R6,anotador_33083317,orgao_licitante,6,anotador_33083317,423639,94,"SECRETARIA DE ESTADO DA AGRICULTURA, ABASTECIMENTO E DESENVOLVIMENTO RURAL DO DISTRITO FEDERAL",20_13.12.2019-R6
4,1088,20_13.12.2019,REL_ANUL_REVOG_LICITACAO,R6,anotador_33083317,identificacao_ocorrencia,5,anotador_33083317,423758,7,anulada,20_13.12.2019-R6
5,1089,20_13.12.2019,REL_ANUL_REVOG_LICITACAO,R6,anotador_33083317,processo_gdf,3,anotador_33083317,423816,22,00070-00004102/2019-61,20_13.12.2019-R6
6,1090,20_13.12.2019,REL_ANUL_REVOG_LICITACAO,R6,anotador_33083317,nome_responsavel,4,anotador_33083317,424559,22,EDILENE DIAS CERQUEIRA,20_13.12.2019-R6
7,1596,1_31.5.2019,REL_ANUL_REVOG_LICITACAO,R11,anotador_4754156,modalidade_licitacao,235,anotador_4754156,1215480,17,PREGAO ELETRONICO,1_31.5.2019-R11
8,1597,1_31.5.2019,REL_ANUL_REVOG_LICITACAO,R11,anotador_4754156,numero_licitacao,236,anotador_4754156,1215509,21,05/2019 - UASG 926119,1_31.5.2019-R11
9,1598,1_31.5.2019,REL_ANUL_REVOG_LICITACAO,R11,anotador_4754156,identificacao_ocorrencia,237,anotador_4754156,1215581,8,anulacao,1_31.5.2019-R11
10,1599,1_31.5.2019,REL_ANUL_REVOG_LICITACAO,R11,anotador_4754156,nome_responsavel,238,anotador_4754156,1215766,35,PRISCILLA MOREIRA FALCAO FIGUEIREDO,1_31.5.2019-R11
11,1600,1_31.5.2019,REL_ANUL_REVOG_LICITACAO,R11,anotador_4754156,AVISO_ANUL_REV_LICITACAO,239,anotador_4754156,1215462,339,"AVISO DE ANULACAO PREGAO ELETRONICO POR SRP No 05/2019 - UASG 926119 A Pregoeira da Central de Compras/SUAG comunica a anulacao da licitacao supracitada, por decisao do Subsecretario de Administracao Geral, Antony Araujo Couto, haja vista as impropriedades tecnicas identificadas no termo de referencia. PRISCILLA MOREIRA FALCAO FIGUEIREDO",1_31.5.2019-R11
12,2112,1_9.2.2018.1,REL_ANUL_REVOG_LICITACAO,R6,anotador_4754156,modalidade_licitacao,162,anotador_4754156,465878,17,PREGAO ELETRONICO,1_9.2.2018.1-R6
13,2113,1_9.2.2018.1,REL_ANUL_REVOG_LICITACAO,R6,anotador_4754156,numero_licitacao,168,anotador_4754156,465899,13,16/2017 - SRP,1_9.2.2018.1-R6
14,2114,1_9.2.2018.1,REL_ANUL_REVOG_LICITACAO,R6,anotador_4754156,processo_gdf,164,anotador_4754156,465925,16,054.002.382/2017,1_9.2.2018.1-R6
15,2115,1_9.2.2018.1,REL_ANUL_REVOG_LICITACAO,R6,anotador_4754156,orgao_licitante,165,anotador_4754156,466004,35,Policia Militar do Distrito Federal,1_9.2.2018.1-R6
16,2116,1_9.2.2018.1,REL_ANUL_REVOG_LICITACAO,R6,anotador_4754156,identificacao_ocorrencia,166,anotador_4754156,466073,8,ANULACAO,1_9.2.2018.1-R6
17,2117,1_9.2.2018.1,REL_ANUL_REVOG_LICITACAO,R6,anotador_4754156,nome_responsavel,167,anotador_4754156,466612,24,ROGERIO BRITO DE MIRANDA,1_9.2.2018.1-R6
18,2118,1_9.2.2018.1,REL_ANUL_REVOG_LICITACAO,R6,anotador_4754156,AVISO_ANUL_REV_LICITACAO,169,anotador_4754156,465860,776,"AVISO DE ANULACAO PREGAO ELETRONICO No 16/2017 - SRP Processo no 054.002.382/2017. O Chefe do Departamento de Saude e Assistencia ao Pessoal da Policia Militar do Distrito Federal torna publico aos interessados a ANULACAO do certame em epigrafe, inicialmente previsto para ocorrer em 23/1/2018, as 14h, por vicio de incompetencia na autorizacao do processo licitatorio. Objeto: Registro de Preco para aqui- sicao de material farmacologico e hospitalar, conforme especificacoes e quantidades cons- tantes no Anexo I do edital. Valor estimado de R$ 11.187,75 (onze mil cento e oitenta e sete reais de setenta e cinco centavos). Informacoes: (61) 3190-8054 e dsap.sspre- goes@pm.df.gov.br e dsap.sspregoes@gmail.com. Brasilia/DF, 08 de fevereiro de 2018. ROGERIO BRITO DE MIRANDA",1_9.2.2018.1-R6
19,2302,9_10.9.2018,REL_ANUL_REVOG_LICITACAO,R6,anotador_4754156,numero_licitacao,229,anotador_4754156,842392,7,03/2017,9_10.9.2018-R6
20,2303,9_10.9.2018,REL_ANUL_REVOG_LICITACAO,R6,anotador_4754156,modalidade_licitacao,230,anotador_4754156,842367,17,PREGAO ELETRONICO,9_10.9.2018-R6
21,2304,9_10.9.2018,REL_ANUL_REVOG_LICITACAO,R6,anotador_4754156,orgao_licitante,231,anotador_4754156,842415,54,SECRETARIA DE ESTADO DE EDUCACAO DO DISTRITO FE- DERAL,9_10.9.2018-R6
22,2305,9_10.9.2018,REL_ANUL_REVOG_LICITACAO,R6,anotador_4754156,identificacao_ocorrencia,232,anotador_4754156,842563,8,ANULACAO,9_10.9.2018-R6
23,2306,9_10.9.2018,REL_ANUL_REVOG_LICITACAO,R6,anotador_4754156,processo_gdf,233,anotador_4754156,843272,15,080.000401/2016,9_10.9.2018-R6
24,2307,9_10.9.2018,REL_ANUL_REVOG_LICITACAO,R6,anotador_4754156,nome_responsavel,234,anotador_4754156,843521,25,JOSEMAR SALVIANO DA SILVA,9_10.9.2018-R6
25,2308,9_10.9.2018,REL_ANUL_REVOG_LICITACAO,R6,anotador_4754156,AVISO_ANUL_REV_LICITACAO,235,anotador_4754156,842349,1198,"AVISO DE ANULACAO PREGAO ELETRONICO SRP No 03/2017 O PREGOEIRO DA SECRETARIA DE ESTADO DE EDUCACAO DO DISTRITO FE- DERAL, em atendimento a Decisao no 3816/2018 do Tribunal de Contas do Distrito Federal, comunica a ANULACAO do PREGAO ELETRONICO - SRP no 03/2017, Contratacao de empresa especializada em transporte de pessoas para prestacao de servico de transporte escolar dos alunos da Rede Publica de Ensino do Distrito Federal na Regiao: ""C"" - Sao Sebastiao, por meio de veiculos com motorista, monitor e encarregado conforme espe- cificacao constante deste Termo Referencia e seu ENCARTE B, nos itinerarios residencia- escola e vice-versa, bem como nas atividades curriculares ou extracurriculares contidas nos Projetos Politicos Pedagogicos das Instituicoes Educacionais conforme especificacoes e con- dicoes estabelecidas no termo de referencia constante do Anexo I do Edital, objeto do procedimento administrativo no 080.000401/2016. Os autos ficam com vistas franqueadas aos interessados, nesta Secretaria de Estado de Educacao, na SGAN 607 Projecoes ""D"" sala 309 (telefone 3901-2319), nos sites http://www.comprasnet.gov.br e http://w w w. s e . d f . g o v. b r. JOSEMAR SALVIANO DA SILVA.",9_10.9.2018-R6
26,2749,8_13.8.2019,REL_ANUL_REVOG_LICITACAO,R6,anotador_4754156,modalidade_licitacao,152,anotador_4754156,467718,17,PREGAO ELETRONICO,8_13.8.2019-R6
27,2750,8_13.8.2019,REL_ANUL_REVOG_LICITACAO,R6,anotador_4754156,numero_licitacao,153,anotador_4754156,467742,21,2/2019 (UASG: 927507),8_13.8.2019-R6
28,2751,8_13.8.2019,REL_ANUL_REVOG_LICITACAO,R6,anotador_4754156,orgao_licitante,154,anotador_4754156,467766,63,Secretaria de Estado de Justica e Cidadania do Distrito Federal,8_13.8.2019-R6
29,2752,8_13.8.2019,REL_ANUL_REVOG_LICITACAO,R6,anotador_4754156,identificacao_ocorrencia,155,anotador_4754156,467948,6,revoga,8_13.8.2019-R6
30,2753,8_13.8.2019,REL_ANUL_REVOG_LICITACAO,R6,anotador_4754156,processo_gdf,156,anotador_4754156,468399,22,00400-00023725/2019-17,8_13.8.2019-R6
31,2754,8_13.8.2019,REL_ANUL_REVOG_LICITACAO,R6,anotador_4754156,nome_responsavel,157,anotador_4754156,468466,17,ERONILDO DE JESUS,8_13.8.2019-R6
32,2755,8_13.8.2019,REL_ANUL_REVOG_LICITACAO,R6,anotador_4754156,AVISO_ANUL_REV_LICITACAO,158,anotador_4754156,467686,807,"AVISO DE REVOGACAO DE LICITACAO PREGAO ELETRONICO PE No 2/2019 (UASG: 927507) A Secretaria de Estado de Justica e Cidadania do Distrito Federal, torna publico que, seguindo o interesse publico e com suporte na Manifestacao 233 da AJL, documento SEI no 26459672, revoga o Pregao Eletronico no 02/2019 objeto: Contratacao empresa especializada para prestacao de servicos graficos - incluindo material e mao de obra necessaria para a execucao e acabamento dos servicos graficos, sob demanda, necessarios a realizacao da eleicao dos Conselheiros Tutelares do Distrito Federal para o Quadrienio 2020/2023, conforme condicoes e exigencias estabelecidas no Projeto Basico constante do Anexo I do Edital. Processo SEI no 00400-00023725/2019-17, Informacoes pelo telefone: (61) 3213-0712. ERONILDO DE JESUS Pregoeiro",8_13.8.2019-R6
33,3655,11_30.10.2019,REL_ANUL_REVOG_LICITACAO,R6,anotador_4754156,orgao_licitante,278,anotador_4754156,513044,5,Caesb,11_30.10.2019-R6
34,3656,11_30.10.2019,REL_ANUL_REVOG_LICITACAO,R6,anotador_4754156,modalidade_licitacao,279,anotador_4754156,513070,17,Pregao Eletronico,11_30.10.2019-R6
35,3657,11_30.10.2019,REL_ANUL_REVOG_LICITACAO,R6,anotador_4754156,numero_licitacao,280,anotador_4754156,513094,8,221/2019,11_30.10.2019-R6
36,3658,11_30.10.2019,REL_ANUL_REVOG_LICITACAO,R6,anotador_4754156,processo_gdf,281,anotador_4754156,513116,15,092.000207/2019,11_30.10.2019-R6
37,3659,11_30.10.2019,REL_ANUL_REVOG_LICITACAO,R6,anotador_4754156,identificacao_ocorrencia,282,anotador_4754156,513313,8,revogada,11_30.10.2019-R6
38,3660,11_30.10.2019,REL_ANUL_REVOG_LICITACAO,R6,anotador_4754156,nome_responsavel,283,anotador_4754156,513361,23,NARA MAGALHAES DA SILVA,11_30.10.2019-R6
39,3661,11_30.10.2019,REL_ANUL_REVOG_LICITACAO,R6,anotador_4754156,AVISO_ANUL_REV_LICITACAO,284,anotador_4754156,513010,384,"AVISO DE REVOGACAO DE LICITACAO A Caesb torna publico que o Pregao Eletronico PE No 221/2019, processo no 092.000207/2019, realizado no site: www.comprasnet.gov.br (UASG: 974200), tipo de licitacao: menor preco, para o registro de precos para aquisicao de parafusos, arruelas, porcas e chumbadores, foi revogada por tratar-se de licitacao fracassada. NARA MAGALHAES DA SILVA Pregoeira",11_30.10.2019-R6
40,3759,4_15.4.2019,REL_ANUL_REVOG_LICITACAO,R6,anotador_4754156,AVISO_ANUL_REV_LICITACAO,111,anotador_4754156,737339,704,"AVISO DE REVOGACAO PREGAO ELETRONICO No 08/2019 A Pregoeira responsavel pelo certame, Processo: 0052.00015532/2018-46, Objeto: Aquisicao de eletrodomesticos (bebedouro, freezer, televisor, fogao a gas GLP, fogao cooktop eletrico 4 bocas vitroceramico) destinados a diversas unidades da Policia Civil do Distrito Federal, conforme Anexo I do Edital, comunica a revogacao da licitacao supracitada, em razao do interesse publico decorrente de fato superveniente consubstanciado na homologacao de Ata de Registro de Precos do Governo do Distrito Federal para aquisicao de eletrodomesticos. Maiores informacoes na CPL/PCDF fones: 3207-4071/4046. Brasilia/DF, 12 de abril de 2019 KELLY CRISTINA CORDEIRO GUEDES",4_15.4.2019-R6
41,3760,4_15.4.2019,REL_ANUL_REVOG_LICITACAO,R6,anotador_4754156,modalidade_licitacao,109,anotador_4754156,737358,17,PREGAO ELETRONICO,4_15.4.2019-R6
42,3761,4_15.4.2019,REL_ANUL_REVOG_LICITACAO,R6,anotador_4754156,numero_licitacao,106,anotador_4754156,737379,7,08/2019,4_15.4.2019-R6
43,3762,4_15.4.2019,REL_ANUL_REVOG_LICITACAO,R6,anotador_4754156,processo_gdf,107,anotador_4754156,737435,21,0052.00015532/2018-46,4_15.4.2019-R6
44,3763,4_15.4.2019,REL_ANUL_REVOG_LICITACAO,R6,anotador_4754156,orgao_licitante,108,anotador_4754156,737625,33,Policia Civil do Distrito Federal,4_15.4.2019-R6
45,3764,4_15.4.2019,REL_ANUL_REVOG_LICITACAO,R6,anotador_4754156,nome_responsavel,110,anotador_4754156,738013,30,KELLY CRISTINA CORDEIRO GUEDES,4_15.4.2019-R6
46,3765,4_15.4.2019,REL_ANUL_REVOG_LICITACAO,R6,anotador_4754156,identificacao_ocorrencia,112,anotador_4754156,737699,9,revogacao,4_15.4.2019-R6
47,3896,5_16.7.2019,REL_ANUL_REVOG_LICITACAO,R8,anotador_4754156,numero_licitacao,167,anotador_4754156,440782,7,17/2019,5_16.7.2019-R8
48,3897,5_16.7.2019,REL_ANUL_REVOG_LICITACAO,R8,anotador_4754156,orgao_licitante,168,anotador_4754156,440792,38,Camara Legislativa do Distrito Federal,5_16.7.2019-R8
49,3898,5_16.7.2019,REL_ANUL_REVOG_LICITACAO,R8,anotador_4754156,processo_gdf,169,anotador_4754156,440917,15,001-000631/2019,5_16.7.2019-R8
50,3899,5_16.7.2019,REL_ANUL_REVOG_LICITACAO,R8,anotador_4754156,identificacao_ocorrencia,170,anotador_4754156,440841,9,revogacao,5_16.7.2019-R8
51,3900,5_16.7.2019,REL_ANUL_REVOG_LICITACAO,R8,anotador_4754156,nome_responsavel,171,anotador_4754156,441225,23,Daniel Luchine Ishihara,5_16.7.2019-R8
52,3901,5_16.7.2019,REL_ANUL_REVOG_LICITACAO,R8,anotador_4754156,modalidade_licitacao,172,anotador_4754156,440761,17,PREGAO ELETRONICO,5_16.7.2019-R8
53,3902,5_16.7.2019,REL_ANUL_REVOG_LICITACAO,R8,anotador_4754156,AVISO_ANUL_REV_LICITACAO,173,anotador_4754156,440729,532,"AVISO DE REVOGACAO DE LICITACAO PREGAO ELETRONICO No 17/2019 A Camara Legislativa do Distrito Federal informa a revogacao do certame em epigrafe, conforme decisao proferida no processo no 001-000631/2019, cujo objeto e o Registro de Preco para eventual contratacao de empresa especializada em locacao, montagem e desmontagem de gradil de contencao e placas de fechamento para a Camara Legislativa do Distrito Federal. Mais informacoes: (61) 3348-8650 e cpl@cl.df.gov.br. Brasilia/DF, 15/07/2019. Daniel Luchine Ishihara - Pregoeiro.",5_16.7.2019-R8
54,3987,5_16.7.2019,REL_ANUL_REVOG_LICITACAO,R9,anotador_4754156,numero_licitacao,174,anotador_4754156,491416,7,35/2019,5_16.7.2019-R9
55,3988,5_16.7.2019,REL_ANUL_REVOG_LICITACAO,R9,anotador_4754156,modalidade_licitacao,175,anotador_4754156,491395,17,PREGAO ELETRONICO,5_16.7.2019-R9
56,3989,5_16.7.2019,REL_ANUL_REVOG_LICITACAO,R9,anotador_4754156,identificacao_ocorrencia,176,anotador_4754156,491639,8,Revogada,5_16.7.2019-R9
57,3990,5_16.7.2019,REL_ANUL_REVOG_LICITACAO,R9,anotador_4754156,processo_gdf,177,anotador_4754156,491596,40,0011 3 . 0 0 0 1 3 8 8 2 / 2 0 1 9 - 2 3,5_16.7.2019-R9
58,3991,5_16.7.2019,REL_ANUL_REVOG_LICITACAO,R9,anotador_4754156,nome_responsavel,178,anotador_4754156,491747,25,CELIA MARIA SIQUEIRA LEAL,5_16.7.2019-R9
59,3992,5_16.7.2019,REL_ANUL_REVOG_LICITACAO,R9,anotador_4754156,AVISO_ANUL_REV_LICITACAO,179,anotador_4754156,491376,405,"AVISO DE REVOGACAO PREGAO ELETRONICO No 35/2019 Objeto: aquisicao de material de consumo - CBUQ - concreto betuminoso usinado a quente - faixa c, conforme especificacoes e condicoes no anexo I do edital, Processo SEI no 0011 3 . 0 0 0 1 3 8 8 2 / 2 0 1 9 - 2 3 . Revogada a licitacao acima, conforme fundamentacao nos autos do processo. Brasilia/DF, 15 de julho de 2019. CELIA MARIA SIQUEIRA LEAL Diretora",5_16.7.2019-R9
60,4051,5_16.7.2019,REL_ANUL_REVOG_LICITACAO,R10,anotador_4754156,modalidade_licitacao,180,anotador_4754156,615156,12,Concorrencia,5_16.7.2019-R10
61,4052,5_16.7.2019,REL_ANUL_REVOG_LICITACAO,R10,anotador_4754156,numero_licitacao,181,anotador_4754156,615172,21,010/2017 - ASCAL/PRES,5_16.7.2019-R10
62,4053,5_16.7.2019,REL_ANUL_REVOG_LICITACAO,R10,anotador_4754156,identificacao_ocorrencia,182,anotador_4754156,615422,8,revogada,5_16.7.2019-R10
63,4054,5_16.7.2019,REL_ANUL_REVOG_LICITACAO,R10,anotador_4754156,processo_gdf,183,anotador_4754156,615511,16,112.000.935/2017,5_16.7.2019-R10
64,4055,5_16.7.2019,REL_ANUL_REVOG_LICITACAO,R10,anotador_4754156,data_escrito,184,anotador_4754156,615573,19,19 de abril de 2017,5_16.7.2019-R10
65,4056,5_16.7.2019,REL_ANUL_REVOG_LICITACAO,R10,anotador_4754156,nome_responsavel,185,anotador_4754156,615726,22,DELCIMAR PIRES MARTINS,5_16.7.2019-R10
66,4057,5_16.7.2019,REL_ANUL_REVOG_LICITACAO,R10,anotador_4754156,AVISO_ANUL_REV_LICITACAO,186,anotador_4754156,615105,663,"AVISO DE REVOGACAO Comunicamos aos interessados na Concorrencia no 010/2017 - ASCAL/PRES - do tipo menor preco unitario - para execucao de drenagem pluvial e pavimentacao asfaltica, intertravada e execucao de meio- fio no Setor de Habitacoes Coletivas Noroeste - Parque Burle Marx, em Brasilia - DF, que a mesma fica revogada por conveniencia administrativa, conforme fundamentado nos autos do processo no 112.000.935/2017. Data da ultima publicacao no DODF no 75, de 19 de abril de 2017, pagina 37. Para maiores informacoes ligar para o telefone (0xx61) 3403-2321 ou (0xx61) 3403-2322. Brasilia/DF, 15 de julho de 2019. DELCIMAR PIRES MARTINS Chefe da ASCAL/PRES",5_16.7.2019-R10
67,4066,5_16.7.2019,REL_ANUL_REVOG_LICITACAO,R11,anotador_4754156,numero_licitacao,187,anotador_4754156,619471,15,001-P01013/2018,5_16.7.2019-R11
68,4067,5_16.7.2019,REL_ANUL_REVOG_LICITACAO,R11,anotador_4754156,orgao_licitante,188,anotador_4754156,619489,20,CEB Distribuicao S/A,5_16.7.2019-R11
69,4068,5_16.7.2019,REL_ANUL_REVOG_LICITACAO,R11,anotador_4754156,identificacao_ocorrencia,189,anotador_4754156,619665,8,revogada,5_16.7.2019-R11
70,4069,5_16.7.2019,REL_ANUL_REVOG_LICITACAO,R11,anotador_4754156,nome_responsavel,190,anotador_4754156,619958,20,MARCELO ANDRADE CRUZ,5_16.7.2019-R11
71,4070,5_16.7.2019,REL_ANUL_REVOG_LICITACAO,R11,anotador_4754156,AVISO_ANUL_REV_LICITACAO,191,anotador_4754156,619438,563,"AVISOS DE REVOGACAO LICITACAO No 001-P01013/2018 A CEB Distribuicao S/A, por meio da Comissao Permanente de Licitacao - CPL, localizada no SIA Setor de Areas Publicas, Lote C, Bloco H, CEB - Brasilia-DF, torna publico que fica revogada a licitacao em epigrafe, relativa a CONTRATACAO DE OBRAS DE IMPLANTACAO DA LINHA AEREA DE DISTRIBUICAO EM 138kV ITAPOA x SOBRADINHO TRANSMISSAO. Demais informacoes, no horario das 8h as 12h e das 14h as 17h ou por meio dos telefones: 3465- 9012/9287. Brasilia/DF, 12 de julho de 2019 MARCELO ANDRADE CRUZ Presidente da Comissao",5_16.7.2019-R11
72,4251,15_28.11.2019,REL_ANUL_REVOG_LICITACAO,R1,anotador_33083317,AVISO_ANUL_REV_LICITACAO,100,anotador_33083317,548245,548,"AVISO DE REVOGACAO LICITACAO PUBLICA NACIONAL - LPN 011/2019 A Caesb, no ambito de seu Programa de Saneamento Ambiental, financiado pelo Banco Interamericano de Desenvolvimento - BID, torna publico que a Licitacao Publica Nacional - LPN 011/2019, processo no 092.005465/2019, para execucao das Obras de Setorizacao e Adequacao de Redes nas localidades da Asa Sul, Cruzeiro, Asa Norte e Jardim Botanico, incluindo o fornecimento e Instalacao do Novo Booster, foi revogada por conveniencia administrativa. GILMAR PERES MONTEIRO Presidente da Comissao",15_28.11.2019-R1
73,4252,15_28.11.2019,REL_ANUL_REVOG_LICITACAO,R1,anotador_33083317,modalidade_licitacao,99,anotador_33083317,548264,26,LICITACAO PUBLICA NACIONAL,15_28.11.2019-R1
74,4253,15_28.11.2019,REL_ANUL_REVOG_LICITACAO,R1,anotador_33083317,numero_licitacao,96,anotador_33083317,548297,8,011/2019,15_28.11.2019-R1
75,4254,15_28.11.2019,REL_ANUL_REVOG_LICITACAO,R1,anotador_33083317,numero_licitacao,97,anotador_33083317,548482,8,011/2019,15_28.11.2019-R1
76,4255,15_28.11.2019,REL_ANUL_REVOG_LICITACAO,R1,anotador_33083317,orgao_licitante,95,anotador_33083317,548308,5,Caesb,15_28.11.2019-R1
77,4256,15_28.11.2019,REL_ANUL_REVOG_LICITACAO,R1,anotador_33083317,processo_gdf,93,anotador_33083317,548504,15,092.005465/2019,15_28.11.2019-R1
78,4257,15_28.11.2019,REL_ANUL_REVOG_LICITACAO,R1,anotador_33083317,identificacao_ocorrencia,98,anotador_33083317,548707,8,revogada,15_28.11.2019-R1
79,4258,15_28.11.2019,REL_ANUL_REVOG_LICITACAO,R1,anotador_33083317,nome_responsavel,94,anotador_33083317,548749,21,GILMAR PERES MONTEIRO,15_28.11.2019-R1
80,4381,6_24.7.2019,REL_ANUL_REVOG_LICITACAO,R9,anotador_4754156,numero_licitacao,152,anotador_4754156,317631,7,10/2019,6_24.7.2019-R9
81,4382,6_24.7.2019,REL_ANUL_REVOG_LICITACAO,R9,anotador_4754156,processo_gdf,153,anotador_4754156,317649,22,00053-00009769/2019-41,6_24.7.2019-R9
82,4383,6_24.7.2019,REL_ANUL_REVOG_LICITACAO,R9,anotador_4754156,identificacao_ocorrencia,154,anotador_4754156,317822,8,ANULACAO,6_24.7.2019-R9
83,4384,6_24.7.2019,REL_ANUL_REVOG_LICITACAO,R9,anotador_4754156,nome_responsavel,156,anotador_4754156,317999,23,Marcelo Teixeira Dantas,6_24.7.2019-R9
84,4385,6_24.7.2019,REL_ANUL_REVOG_LICITACAO,R9,anotador_4754156,orgao_licitante,157,anotador_4754156,317797,5,CBMDF,6_24.7.2019-R9
85,4386,6_24.7.2019,REL_ANUL_REVOG_LICITACAO,R9,anotador_4754156,modalidade_licitacao,158,anotador_4754156,317610,17,PREGAO ELETRONICO,6_24.7.2019-R9
86,4387,6_24.7.2019,REL_ANUL_REVOG_LICITACAO,R9,anotador_4754156,AVISO_ANUL_REV_LICITACAO,159,anotador_4754156,317592,431,"AVISO DE ANULACAO PREGAO ELETRONICO No 10/2019 PROCESSO: 00053-00009769/2019-41/CBMDF. TIPO: Menor preco. OBJETO: Aquisicao de microscopio reto trinocular para realizacao das analises laboratoriais para o CBMDF. O DICOA informa a ANULACAO do certame, em razao da existencia de vicios insanaveis no certame. Esta aberto o prazo recursal na forma do Art. 109, I, ""c"", da Lei 8.666/1993. Inf.: (61) 3901-3481. Marcelo Teixeira Dantas.",6_24.7.2019-R9
87,4500,7_2.8.2019,REL_ANUL_REVOG_LICITACAO,R7,anotador_4754156,numero_licitacao,233,anotador_4754156,390913,22,123/2019 - UASG 926119,7_2.8.2019-R7
88,4501,7_2.8.2019,REL_ANUL_REVOG_LICITACAO,R7,anotador_4754156,modalidade_licitacao,234,anotador_4754156,390892,17,PREGAO ELETRONICO,7_2.8.2019-R7
89,4502,7_2.8.2019,REL_ANUL_REVOG_LICITACAO,R7,anotador_4754156,identificacao_ocorrencia,235,anotador_4754156,391207,8,REVOGADO,7_2.8.2019-R7
90,4503,7_2.8.2019,REL_ANUL_REVOG_LICITACAO,R7,anotador_4754156,processo_gdf,236,anotador_4754156,391243,22,00060-00123066/2018-91,7_2.8.2019-R7
91,4504,7_2.8.2019,REL_ANUL_REVOG_LICITACAO,R7,anotador_4754156,nome_responsavel,237,anotador_4754156,391595,21,MERITA SIMIONE BORGES,7_2.8.2019-R7
92,4505,7_2.8.2019,REL_ANUL_REVOG_LICITACAO,R7,anotador_4754156,AVISO_ANUL_REV_LICITACAO,238,anotador_4754156,390873,743,"AVISO DE REVOGACAO PREGAO ELETRONICO No 123/2019 - UASG 926119 A Pregoeira da Central de Compras torna publico aos interessados que, o procedimento licitatorio para contratacao de empresa especializada para a Operacao Logistica da cadeia de suprimentos, conforme especificacoes e quantitativos constantes no Anexo I do Edital, restou REVOGADO, nos termos do Processo no 00060-00123066/2018-91 e Art. 49 da Lei 8.666/93, por decisao prolatada pelo Subsecretario de Administracao Geral, Antony Araujo Couto, e pelo Secretario de Estado de Saude, Osnei Okumoto, para atender as necessidades e demandas exigidas para o sistema de operacao logistica desta Pasta, bem como para conclusao de mapeamento da Cadeia de Suprimentos. MERITA SIMIONE BORGES",7_2.8.2019-R7
93,4572,7_2.8.2019,REL_ANUL_REVOG_LICITACAO,R8,anotador_4754156,numero_licitacao,239,anotador_4754156,442005,7,14/2019,7_2.8.2019-R8
94,4573,7_2.8.2019,REL_ANUL_REVOG_LICITACAO,R8,anotador_4754156,modalidade_licitacao,240,anotador_4754156,441984,17,PREGAO ELETRONICO,7_2.8.2019-R8
95,4574,7_2.8.2019,REL_ANUL_REVOG_LICITACAO,R8,anotador_4754156,processo_gdf,241,anotador_4754156,442023,17,0052.002.099/2016,7_2.8.2019-R8
96,4575,7_2.8.2019,REL_ANUL_REVOG_LICITACAO,R8,anotador_4754156,orgao_licitante,242,anotador_4754156,442198,4,PCDF,7_2.8.2019-R8
97,4576,7_2.8.2019,REL_ANUL_REVOG_LICITACAO,R8,anotador_4754156,nome_responsavel,243,anotador_4754156,442874,33,SILVERIO ANTONIO MOITA DE ANDRADE,7_2.8.2019-R8
98,4577,7_2.8.2019,REL_ANUL_REVOG_LICITACAO,R8,anotador_4754156,identificacao_ocorrencia,244,anotador_4754156,442390,8,revogado,7_2.8.2019-R8
99,4578,7_2.8.2019,REL_ANUL_REVOG_LICITACAO,R8,anotador_4754156,AVISO_ANUL_REV_LICITACAO,245,anotador_4754156,441965,950,"AVISO DE REVOGACAO PREGAO ELETRONICO No 14/2019 PROCESSO: 0052.002.099/2016. OBJETO: Contratacao de servicos de solucao de impressao, copia e digitalizacao a fim de atender necessidades gerais e especificas das unidades policiais da PCDF. TIPO: Menor Preco. O ordenador de despesas da PCDF, de acordo com o artigo 109  1o da lei de licitacoes, torna publico aos licitantes e demais interessados que o certame supracitado foi revogado, devido a ocorrencia de falhas operacionais no Sistema COMPRASNET durante o tempo aleatorio para lances, com possibilidade de cerceamento da competitividade entre os licitantes, conforme decisao fundamentada no art. 49, caput, assegurado o prazo previsto no art. 109, inciso I, c, da Lei no 8.666/93. A integra do documento esta disponivel no site www.pcdf.df.gov.br, link licitacoes. Maiores informacoes na CPL/PCDF fones: 3207-4071/4046. Brasilia/DF, 1o de agosto de 2019. SILVERIO ANTONIO MOITA DE ANDRADE Diretor",7_2.8.2019-R8
100,4711,211_193.9.10.2019,REL_ANUL_REVOG_LICITACAO,R1,anotador_33083317,modalidade_licitacao,2,anotador_33083317,580299,17,PREGAO ELETRONICO,211_193.9.10.2019-R1
101,4712,211_193.9.10.2019,REL_ANUL_REVOG_LICITACAO,R1,anotador_33083317,processo_gdf,3,anotador_33083317,580359,17,00410-00008137-27,211_193.9.10.2019-R1
102,4713,211_193.9.10.2019,REL_ANUL_REVOG_LICITACAO,R1,anotador_33083317,identificacao_ocorrencia,4,anotador_33083317,580439,8,revogado,211_193.9.10.2019-R1
103,4714,211_193.9.10.2019,REL_ANUL_REVOG_LICITACAO,R1,anotador_33083317,nome_responsavel,5,anotador_33083317,580753,14,EDSON DE SOUZA,211_193.9.10.2019-R1
104,4715,211_193.9.10.2019,REL_ANUL_REVOG_LICITACAO,R1,anotador_33083317,orgao_licitante,230,anotador_33083317,580379,7,SEEC/DF,211_193.9.10.2019-R1
105,4716,211_193.9.10.2019,REL_ANUL_REVOG_LICITACAO,R1,anotador_33083317,numero_licitacao,231,anotador_33083317,580320,8,150/2018,211_193.9.10.2019-R1
106,4717,211_193.9.10.2019,REL_ANUL_REVOG_LICITACAO,R1,anotador_33083317,AVISO_ANUL_REV_LICITACAO,232,anotador_33083317,580280,499,"AVISO DE REVOGACAO PREGAO ELETRONICO No 150/2018 - SRP - UASG 925041 Processo: 00410-00008137-27 - SEEC/DF. O pregoeiro comunica que o pregao acima citado foi revogado, com fulcro no art. 49 da Lei Federal n. o 8.666/93 e na Nota Tecnica no 27/2019 - AJL, acolhido pela Autoridade competente, devidamente fundamentado e constante dos autos. Maiores Informacoes: Coordenacoes de Licitacoes - COLIC/SEEC - DF, telefone: 0xx(61) 3313-8494. Brasilia/DF, 08 de outubro de 2019. EDSON DE SOUZA Coordenador",211_193.9.10.2019-R1
107,5038,25_27.12.2018,REL_ANUL_REVOG_LICITACAO,R2,anotador_33083317,AVISO_ANUL_REV_LICITACAO,18,anotador_33083317,819285,1216,"AVISO DE REVOGACAO EDITAL DE CONCORRENCIA N 12/2018 - CRIXA A Comissao Permanente de Licitacao - CPL/CODHAB comunica aos interessados que o Diretor- Presidente/CODHAB decidiu revogar o Edital de Concorrencia n 12/2018, processo n.o 0392-0003741/2018- 69 cujo objeto e a contratacao de empresa para a execucao das obras de implantacao de infraestrutura externa (sistemas de abastecimento de agua potavel e esgotamento sanitario, Drenagem e pavimentacao) ao empreendimento situado no Bairro Crixas em Sao Sebastiao, uma vez que o objeto nao mais atende suas necessidades atuais, consubstanciando sua decisao no Despacho SEI-GDF CODHAB/PRESI/CPL devidamente fundamentado na Despacho SEI-GDF CODHAB/PRESI/SECEX e com fulcro no caput do art. 49 da Lei 8.666/93 e Sumula 473 do STF, estando o processo a disposicao no Portal de Sistema Eletronico de Informacoes - SEI. Fica assegurado o direito a ampla defesa e ao contraditorio, nos termos do  3o, art. 49 c/c a alinea ""c"", inciso I do art. 109, da citada Lei. Transcorrido o prazo concedido para a ampla defesa e o contraditorio sem manifestacao o ato da Revogacao restara consumado. Brasilia/DF, 26 de dezembro de 2018 GILSON PARANHOS D i r e t o r- P r e s i d e n t e",25_27.12.2018-R2
108,5039,25_27.12.2018,REL_ANUL_REVOG_LICITACAO,R2,anotador_33083317,modalidade_licitacao,17,anotador_33083317,819314,12,CONCORRENCIA,25_27.12.2018-R2
109,5040,25_27.12.2018,REL_ANUL_REVOG_LICITACAO,R2,anotador_33083317,numero_licitacao,11,anotador_33083317,819329,15,12/2018 - CRIXA,25_27.12.2018-R2
110,5041,25_27.12.2018,REL_ANUL_REVOG_LICITACAO,R2,anotador_33083317,identificacao_ocorrencia,13,anotador_33083317,819460,7,revogar,25_27.12.2018-R2
111,5042,25_27.12.2018,REL_ANUL_REVOG_LICITACAO,R2,anotador_33083317,modalidade_licitacao,16,anotador_33083317,819480,12,Concorrencia,25_27.12.2018-R2
112,5043,25_27.12.2018,REL_ANUL_REVOG_LICITACAO,R2,anotador_33083317,numero_licitacao,15,anotador_33083317,819495,7,12/2018,25_27.12.2018-R2
113,5044,25_27.12.2018,REL_ANUL_REVOG_LICITACAO,R2,anotador_33083317,processo_gdf,12,anotador_33083317,819517,21,0392-0003741/2018- 69,25_27.12.2018-R2
114,5045,25_27.12.2018,REL_ANUL_REVOG_LICITACAO,R2,anotador_33083317,nome_responsavel,14,anotador_33083317,820451,15,GILSON PARANHOS,25_27.12.2018-R2
115,5639,10_11.10.2019,REL_ANUL_REVOG_LICITACAO,R26,anotador_4754156,numero_licitacao,596,anotador_4754156,721935,7,37/2019,10_11.10.2019-R26
116,5640,10_11.10.2019,REL_ANUL_REVOG_LICITACAO,R26,anotador_4754156,processo_gdf,597,anotador_4754156,721955,22,00053-00050726/2019-41,10_11.10.2019-R26
117,5641,10_11.10.2019,REL_ANUL_REVOG_LICITACAO,R26,anotador_4754156,modalidade_licitacao,598,anotador_4754156,721914,17,PREGAO ELETRONICO,10_11.10.2019-R26
118,5642,10_11.10.2019,REL_ANUL_REVOG_LICITACAO,R26,anotador_4754156,identificacao_ocorrencia,599,anotador_4754156,722351,8,ANULACAO,10_11.10.2019-R26
119,5643,10_11.10.2019,REL_ANUL_REVOG_LICITACAO,R26,anotador_4754156,orgao_licitante,600,anotador_4754156,722221,5,CBMDF,10_11.10.2019-R26
120,5644,10_11.10.2019,REL_ANUL_REVOG_LICITACAO,R26,anotador_4754156,nome_responsavel,601,anotador_4754156,722880,23,MARCELO TEIXEIRA DANTAS,10_11.10.2019-R26
121,5645,10_11.10.2019,REL_ANUL_REVOG_LICITACAO,R26,anotador_4754156,AVISO_ANUL_REV_LICITACAO,602,anotador_4754156,721896,1015,"AVISO DE ANULACAO PREGAO ELETRONICO No 37/2019 Processo No 00053-00050726/2019-41/CBMDF. TIPO: Menor preco. OBJETO: Contratacao de empresa especializada para realizar servicos continuados de manutencao, reparo e reposicao de pecas e fluidos originais dos equipamentos e aparelhos odontologicos da Policlinica Odontologica do CBMDF, conforme especificacoes e condicoes estabelecidas no Termo de Referencia constante do Anexo I do Edital. O DICOA informa a ANULACAO do item 6.8 do edital; do item 5.8 do termo de referencia; da tabela do item 5.6 do termo de referencia e a fase externa da licitacao do pregao em epigrafe, com fulcro no item 16.6 do edital c/c, art. 49 da Lei no 8.666/1993, art. 29 do Decreto no 5.450/2005 e art. 53 da Lei no 9.784/1999, em razao da existencia de vicios insanaveis no certame conforme aponta o Relatorio de Analise do Pregoeiro. Visto o art. 109, I, ""c"", da Lei 8.666/1993, fica aberto o prazo recursal de 5 (cinco) dias uteis. Inf.: (61) 3901-3481. MARCELO TEIXEIRA DANTAS Diretor",10_11.10.2019-R26
122,15565,637,REL_ANUL_REVOG_LICITACAO,R3,anotador_32161579,modalidade_licitacao,1196,anotador_32161579,57733,17,PREGÃO ELETRÔNICO,637-R3
123,15566,637,REL_ANUL_REVOG_LICITACAO,R3,anotador_32161579,AVISO_ANUL_REV_LICITACAO,1898,anotador_32161579,57712,834,"AVISO DE ANULAÇÃO DO PREGÃO ELETRÔNICO SRP Nº 07/2021 O DIRETOR-PRESIDENTE DA COMPANHIA DE DESENVOLVIMENTO HABITACIONAL DO DISTRITO FEDERAL, comunica aos interessados a ANULAÇÃO do Pregão Eletrônico nº 07/2021, cujo objeto trata de contratação de empresa ou consórcio de empresas para prestação de serviços técnicos para a elaboração de estudos e projetos para regularização fundiária e urbana da Área de Interesse Social - ARIS Sol Nascente, para atender a Companhia de Desenvolvimento Habitacional do Distrito Federal   CODHAB/DF, conforme descrito no Anexo I do Edital, referente ao processo 00392-00007567/2021-29 Destaque-se que está disponível no sistema Comprasnet o evento de Anulação do certame em 16/02/2022, como procedimento para atendimento da Decisão 152/2022 TCDF.  Brasília/DF, 15 de fevereiro de 2022  WELLINGTON LUIZ",637-R3
124,15567,637,REL_ANUL_REVOG_LICITACAO,R3,anotador_32161579,numero_licitacao,1194,anotador_32161579,57758,7,07/2021,637-R3
125,15568,637,REL_ANUL_REVOG_LICITACAO,R3,anotador_32161579,numero_licitacao,1195,anotador_32161579,57914,7,07/2021,637-R3
126,15569,637,REL_ANUL_REVOG_LICITACAO,R3,anotador_32161579,orgao_licitante,1896,anotador_32161579,57790,61,COMPANHIA DE DESENVOLVIMENTO HABITACIONAL DO DISTRITO FEDERAL,637-R3
127,15570,637,REL_ANUL_REVOG_LICITACAO,R3,anotador_32161579,identificacao_ocorrencia,1198,anotador_32161579,57881,8,ANULAÇÃO,637-R3
128,15571,637,REL_ANUL_REVOG_LICITACAO,R3,anotador_32161579,modalidade_licitacao,1197,anotador_32161579,57893,17,Pregão Eletrônico,637-R3
129,15572,637,REL_ANUL_REVOG_LICITACAO,R3,anotador_32161579,orgao_licitante,1897,anotador_32161579,58170,61,Companhia de Desenvolvimento Habitacional do Distrito Federal,637-R3
130,15573,637,REL_ANUL_REVOG_LICITACAO,R3,anotador_32161579,processo_gdf,1199,anotador_32161579,58307,22,00392-00007567/2021-29,637-R3
131,15574,637,REL_ANUL_REVOG_LICITACAO,R3,anotador_32161579,data_escrito,1200,anotador_32161579,58506,23,15 de fevereiro de 2022,637-R3
132,15575,637,REL_ANUL_REVOG_LICITACAO,R3,anotador_32161579,nome_responsavel,1201,anotador_32161579,58531,15,WELLINGTON LUIZ,637-R3
133,16183,637,REL_ANUL_REVOG_LICITACAO,R4,anotador_32161579,AVISO_ANUL_REV_LICITACAO,1900,anotador_32161579,147806,1002,"AVISO DE ANULAÇÃO DA LICITAÇÃO CONCORRÊNCIA Nº 01/20121  A Companhia de Desenvolvimento Habitacional do Distrito Federal   CODHAB/DF, no uso de suas atribuições, torna público o Aviso de anulação da Concorrência 01/2021 - PROCESSO SEI Nº 00392-00014723/2020-27, que tem por objeto a promoção de empreendimentos habitacionais por meio da produção e comercialização de Unidades Habitacionais a serem disponibilizadas ao cadastro de habitação, em terrenos de propriedade da CODHAB localizadas em Santa Maria RA XIII, em atendimento à política habitacional do Governo do Distrito Federal, de acordo com as especificações e quantitativos contidos no Projeto Básico constante do Anexo I do Edital, conforme  após a aprovação da Súmula SEI-GDF CODHAB/PRESI/DIPRO n.º 26/2021 (67797043), pela Diretoria Executiva da CODHAB, em 23 de agosto de 2021 e solicitação da área demandante no Despacho CODHAB/PRESI/DIPRO/GEPHAB (72810303).  Brasília/DF, 26 de outubro de 2021.  FERNANDA VITORINO  Presidente da Comissão",637-R4
134,16184,637,REL_ANUL_REVOG_LICITACAO,R4,anotador_32161579,modalidade_licitacao,1208,anotador_32161579,147837,12,CONCORRÊNCIA,637-R4
135,16185,637,REL_ANUL_REVOG_LICITACAO,R4,anotador_32161579,numero_licitacao,1206,anotador_32161579,147853,8,01/20121,637-R4
136,16186,637,REL_ANUL_REVOG_LICITACAO,R4,anotador_32161579,orgao_licitante,1899,anotador_32161579,147865,73,Companhia de Desenvolvimento Habitacional do Distrito Federal   CODHAB/DF,637-R4
137,16187,637,REL_ANUL_REVOG_LICITACAO,R4,anotador_32161579,identificacao_ocorrencia,1210,anotador_32161579,147993,8,anulação,637-R4
138,16188,637,REL_ANUL_REVOG_LICITACAO,R4,anotador_32161579,modalidade_licitacao,1209,anotador_32161579,148005,12,Concorrência,637-R4
139,16189,637,REL_ANUL_REVOG_LICITACAO,R4,anotador_32161579,numero_licitacao,1207,anotador_32161579,148018,7,01/2021,637-R4
140,16190,637,REL_ANUL_REVOG_LICITACAO,R4,anotador_32161579,processo_gdf,1211,anotador_32161579,148044,22,00392-00014723/2020-27,637-R4
141,16191,637,REL_ANUL_REVOG_LICITACAO,R4,anotador_32161579,data_escrito,1212,anotador_32161579,148743,21,26 de outubro de 2021,637-R4
142,16192,637,REL_ANUL_REVOG_LICITACAO,R4,anotador_32161579,nome_responsavel,1213,anotador_32161579,148767,17,FERNANDA VITORINO,637-R4
143,16424,637,REL_ANUL_REVOG_LICITACAO,R5,anotador_32161579,modalidade_licitacao,1129,anotador_32161579,178228,17,PREGÃO ELETRÔNICO,637-R5
144,16425,637,REL_ANUL_REVOG_LICITACAO,R5,anotador_32161579,AVISO_ANUL_REV_LICITACAO,1892,anotador_32161579,178209,504,"AVISO DE REVOGAÇÃO PREGÃO ELETRÔNICO Nº 56/2021  A presente licitação tem por objeto a aquisição de material permanente - aquisição de equipamentos para aparelhamento/substituição/melhoramento do Laboratório de Solos (NULSO) do Departamento de Estradas de Rodagem do Distrito Federal (DER/DF), tudo conforme especificado no Edital e em seus anexos. Processo 00113-00005906/2021-95.  Fica revogada, fundamentação nos autos do processo.  Brasília/DF, 29 de julho de 2021  ANA HILDA DO CARMO SILVA  Diretora",637-R5
145,16426,637,REL_ANUL_REVOG_LICITACAO,R5,anotador_32161579,numero_licitacao,1127,anotador_32161579,178249,7,56/2021,637-R5
146,16427,637,REL_ANUL_REVOG_LICITACAO,R5,anotador_32161579,orgao_licitante,1891,anotador_32161579,178437,64,Departamento de Estradas de Rodagem do Distrito Federal (DER/DF),637-R5
147,16428,637,REL_ANUL_REVOG_LICITACAO,R5,anotador_32161579,processo_gdf,1131,anotador_32161579,178567,22,00113-00005906/2021-95,637-R5
148,16429,637,REL_ANUL_REVOG_LICITACAO,R5,anotador_32161579,identificacao_ocorrencia,1130,anotador_32161579,178597,8,revogada,637-R5
149,16430,637,REL_ANUL_REVOG_LICITACAO,R5,anotador_32161579,data_escrito,1132,anotador_32161579,178658,19,29 de julho de 2021,637-R5
150,16431,637,REL_ANUL_REVOG_LICITACAO,R5,anotador_32161579,nome_responsavel,1133,anotador_32161579,178679,24,ANA HILDA DO CARMO SILVA,637-R5
151,16957,629,REL_ANUL_REVOG_LICITACAO,R12,anotador_32161579,AVISO_ANUL_REV_LICITACAO,1308,anotador_32161579,46677,1061,"AVISO DE ANULAÇÃO DE LICITAÇÃO PREGÃO ELETRÔNICO Nº 32/2021  Processo: 00050-00037099/2020-71. TIPO: Menor Preço. MODO DE DISPUTA: Aberto. OBJETO: Registro de Preço para futura aquisição de equipamentos de Tecnologia da Informação e Comunicação (TIC) objetivando a aquisição de Solução de Firewalls, envolvendo a prestação dos serviços de instalação, configuração, suporte técnico, manutenção e treinamento composto de operação assistida e tutela técnica para sustentação de serviços de Segurança Pública do DF. A SSP informa aos interessados no presente Certame a ANULAÇÃO do Pregão Eletrônico nº 32/2021-SSPDF, com fulcro nos termos do art. 4º, III, da Lei federal nº 10.520/2002 e art. 14, III, do Decreto federal nº 10.024/2019, bem como violação dos princípios da legalidade, do julgamento objetivo, da isonomia, da publicidade e da competitividade, estabelecidos pelo art. 37 da Constituição Federal, pelo art. 19 da Lei Orgânica do DF, e no art. 2º, do Decreto Federal nº 10.024/2019.  Brasília/DF, 05 de janeiro de 2022  CELSO WAGNER LIMA  Subsecretário",629-R12
152,16958,629,REL_ANUL_REVOG_LICITACAO,R12,anotador_32161579,modalidade_licitacao,1230,anotador_32161579,46708,17,PREGÃO ELETRÔNICO,629-R12
153,16959,629,REL_ANUL_REVOG_LICITACAO,R12,anotador_32161579,numero_licitacao,1228,anotador_32161579,46729,7,32/2021,629-R12
154,16960,629,REL_ANUL_REVOG_LICITACAO,R12,anotador_32161579,processo_gdf,1233,anotador_32161579,46748,22,00050-00037099/2020-71,629-R12
155,16961,629,REL_ANUL_REVOG_LICITACAO,R12,anotador_32161579,orgao_licitante,1227,anotador_32161579,47191,3,SSP,629-R12
156,16962,629,REL_ANUL_REVOG_LICITACAO,R12,anotador_32161579,identificacao_ocorrencia,1232,anotador_32161579,47242,8,ANULAÇÃO,629-R12
157,16963,629,REL_ANUL_REVOG_LICITACAO,R12,anotador_32161579,modalidade_licitacao,1231,anotador_32161579,47254,17,Pregão Eletrônico,629-R12
158,16964,629,REL_ANUL_REVOG_LICITACAO,R12,anotador_32161579,numero_licitacao,1307,anotador_32161579,47275,13,32/2021-SSPDF,629-R12
159,16965,629,REL_ANUL_REVOG_LICITACAO,R12,anotador_32161579,data_escrito,1234,anotador_32161579,47683,21,05 de janeiro de 2022,629-R12
160,16966,629,REL_ANUL_REVOG_LICITACAO,R12,anotador_32161579,nome_responsavel,1235,anotador_32161579,47706,17,CELSO WAGNER LIMA,629-R12
161,17202,629,REL_ANUL_REVOG_LICITACAO,R13,anotador_32161579,modalidade_licitacao,1221,anotador_32161579,87626,17,PREGÃO ELETRÔNICO,629-R13
162,17203,629,REL_ANUL_REVOG_LICITACAO,R13,anotador_32161579,modalidade_licitacao,1222,anotador_32161579,88059,17,Pregão Eletrônico,629-R13
163,17204,629,REL_ANUL_REVOG_LICITACAO,R13,anotador_32161579,AVISO_ANUL_REV_LICITACAO,1310,anotador_32161579,87604,571,"AVISO DE REVOGAÇÃO DE PREGÃO ELETRÔNICO Nº 04/2021 Processo: 00074-00000002/2020-97. OBJETO: Venda de madeira em pé da espécie Pinus sp, com corte e retirada do insumo no local, conforme especificações, condições e exigências estabelecidas no Edital nº 04/2021 e seus anexos. Em razão da impossibilidade de prosseguimento do certame em decorrência da falha de sistema relatada na Nota Técnica CAIXA - NT_0004_2021_CEPEM 08_12_2021 (75803745), REVOGA-SE o Pregão Eletrônico nº 04/2021, a que se refere o Edital de Licitação 04/2021 (67386008).  SALVADOR CARDOSO  Pregoeiro",629-R13
164,17205,629,REL_ANUL_REVOG_LICITACAO,R13,anotador_32161579,numero_licitacao,1218,anotador_32161579,87647,7,04/2021,629-R13
165,17206,629,REL_ANUL_REVOG_LICITACAO,R13,anotador_32161579,numero_licitacao,1220,anotador_32161579,88080,7,04/2021,629-R13
166,17207,629,REL_ANUL_REVOG_LICITACAO,R13,anotador_32161579,processo_gdf,1224,anotador_32161579,87665,22,00074-00000002/2020-97,629-R13
167,17208,629,REL_ANUL_REVOG_LICITACAO,R13,anotador_32161579,identificacao_ocorrencia,1223,anotador_32161579,88047,9,REVOGA-SE,629-R13
168,17209,629,REL_ANUL_REVOG_LICITACAO,R13,anotador_32161579,nome_responsavel,1225,anotador_32161579,88148,16,SALVADOR CARDOSO,629-R13
169,17872,629,REL_ANUL_REVOG_LICITACAO,R14,anotador_32161579,modalidade_licitacao,1241,anotador_32161579,180866,17,PREGÃO ELETRÔNICO,629-R14
170,17873,629,REL_ANUL_REVOG_LICITACAO,R14,anotador_32161579,modalidade_licitacao,1242,anotador_32161579,181052,17,Pregão Eletrônico,629-R14
171,17874,629,REL_ANUL_REVOG_LICITACAO,R14,anotador_32161579,AVISO_ANUL_REV_LICITACAO,1309,anotador_32161579,180848,607,"AVISO DE ANULAÇÃO PREGÃO ELETRÔNICO Nº 02/2021 - UASG: 926319 A Pregoeira da Fundação de Apoio à Pesquisa do Distrito Federal, comunica a anulação do certame licitatório oriundo do Edital de Licitação do Pregão Eletrônico nº 0002/2021 - SUAG/DGA/FAPDF - EXCLUSIVO ME/EPP. Informamos que serão feitas as devidas alterações para a continuidade dos procedimentos. Processo 00193-00000432/2021-05. Os autos ficam com vistas franqueadas aos interessados, nesta Fundação de Apoio à Pesquisa do Distrito Federal, pelo e-mail: cpl@fap.df.gov.br.  Brasília/DF, 24 de setembro de 2021  MARCILENE BONFIM LEITÃO SANTANA",629-R14
172,17875,629,REL_ANUL_REVOG_LICITACAO,R14,anotador_32161579,numero_licitacao,1239,anotador_32161579,180887,7,02/2021,629-R14
173,17876,629,REL_ANUL_REVOG_LICITACAO,R14,anotador_32161579,orgao_licitante,1237,anotador_32161579,180925,48,Fundação de Apoio à Pesquisa do Distrito Federal,629-R14
174,17877,629,REL_ANUL_REVOG_LICITACAO,R14,anotador_32161579,orgao_licitante,1238,anotador_32161579,181304,48,Fundação de Apoio à Pesquisa do Distrito Federal,629-R14
175,17878,629,REL_ANUL_REVOG_LICITACAO,R14,anotador_32161579,identificacao_ocorrencia,1243,anotador_32161579,180986,8,anulação,629-R14
176,17879,629,REL_ANUL_REVOG_LICITACAO,R14,anotador_32161579,numero_licitacao,1240,anotador_32161579,181073,9,0002/2021,629-R14
177,17880,629,REL_ANUL_REVOG_LICITACAO,R14,anotador_32161579,processo_gdf,1244,anotador_32161579,181218,22,00193-00000432/2021-05,629-R14
178,17881,629,REL_ANUL_REVOG_LICITACAO,R14,anotador_32161579,data_escrito,1245,anotador_32161579,181400,22,24 de setembro de 2021,629-R14
179,17882,629,REL_ANUL_REVOG_LICITACAO,R14,anotador_32161579,nome_responsavel,1246,anotador_32161579,181424,31,MARCILENE BONFIM LEITÃO SANTANA,629-R14
180,18439,635,REL_ANUL_REVOG_LICITACAO,R3,anotador_32161579,modalidade_licitacao,784,anotador_32161579,104027,17,PREGÃO ELETRÔNICO,635-R3
181,18440,635,REL_ANUL_REVOG_LICITACAO,R3,anotador_32161579,numero_licitacao,783,anotador_32161579,104048,7,57/2021,635-R3
182,18441,635,REL_ANUL_REVOG_LICITACAO,R3,anotador_32161579,processo_gdf,786,anotador_32161579,104067,22,00053-00082079/2021-51,635-R3
183,18442,635,REL_ANUL_REVOG_LICITACAO,R3,anotador_32161579,orgao_licitante,803,anotador_32161579,104341,5,CBMDF,635-R3
184,18443,635,REL_ANUL_REVOG_LICITACAO,R3,anotador_32161579,identificacao_ocorrencia,785,anotador_32161579,104474,7,ANULADA,635-R3
185,18444,635,REL_ANUL_REVOG_LICITACAO,R3,anotador_32161579,nome_responsavel,787,anotador_32161579,104564,18,HÉLIO PEREIRA LIMA,635-R3
186,18445,635,REL_ANUL_REVOG_LICITACAO,R3,anotador_32161579,data_escrito,1452,anotador_32161579,104458,10,04/11/2021,635-R3
187,18446,635,REL_ANUL_REVOG_LICITACAO,R3,anotador_32161579,AVISO_ANUL_REV_LICITACAO,1453,anotador_32161579,104009,582,"AVISO DE ANULAÇÃO PREGÃO ELETRÔNICO Nº 57/2021  Processo: 00053-00082079/2021-51. TIPO: Menor preço. OBJETO: Contratação de empresa para execução de serviço contínuo comum de operação e manutenção preventiva e corretiva nos equipamentos de climatização instalados na Policlínica Médica (POMED) e Policlínica Odontológica (PODON) do CBMDF, conforme Edital e anexos. O DICOA informa que a licitação publicada no DODF nº 206 e DOU nº 207, ambos do dia 04/11/2021, foi ANULADA em virtude da identificação de vícios insanáveis no Edital. Inf: (61) 3901-3614.  HÉLIO PEREIRA LIMA  Diretor",635-R3
188,19728,636,REL_ANUL_REVOG_LICITACAO,R2,anotador_32161579,modalidade_licitacao,1157,anotador_32161579,78335,17,PREGÃO ELETRÔNICO,636-R2
189,19729,636,REL_ANUL_REVOG_LICITACAO,R2,anotador_32161579,AVISO_ANUL_REV_LICITACAO,1846,anotador_32161579,78303,1292,"AVISO DE REVOGAÇÃO DE LICITAÇÃO PREGÃO ELETRÔNICO Nº 07/2021  (AMPLA CONCORRÊNCIA)  O GOVERNO DO DISTRITO FEDERAL POR MEIO DA SECRETARIA DE ESTADO DA AGRICULTURA, ABASTECIMENTO E DESENVOLVIMENTO RURAL DO DISTRITO FEDERAL   SEAGRI/DF torna público que, por decisão da Autoridade Competente, nos termos do art. 50, caput, do Decreto nº 10.024/2019, e art. 49, caput, da Lei nº 8.666/93, REVOGA a licitação do tipo MENOR PREÇO UNITÁRIO, na modalidade de PREGÃO na forma ELETRÔNICA, com previsão de abertura do certame para 07/07/2021, às 09h30m que se encontrava suspensa, processo 00070-00004590/2020-41(SEI). OBJETO: Aquisição de veículos do tipo furgão leve de carga para atender demandas de associações de produtores rurais do Distrito Federal, de modo a garantir o transporte de produtos da agricultura familiar até os pontos de comercialização e de insumos até as propriedades dos associados, de acordo com o detalhamento descrito no item 03, do Termo de Referência, Anexo I do Edital, com valor Total estimado em R$ 164.000,00 (cento e sessenta e quatro mil reais). O aviso do evento de revogação poderá ser retirado a partir da publicação no Portal www.comprasgovernamentais.gov.br ou no portal da SEAGRI-DF,  Licitação , a partir da sua divulgação.  NATANAEL FÉLIX DOS SANTOS  Pregoeiro",636-R2
190,19730,636,REL_ANUL_REVOG_LICITACAO,R2,anotador_32161579,numero_licitacao,1155,anotador_32161579,78356,7,07/2021,636-R2
191,19731,636,REL_ANUL_REVOG_LICITACAO,R2,anotador_32161579,orgao_licitante,1156,anotador_32161579,78429,106,"SECRETARIA DE ESTADO DA AGRICULTURA, ABASTECIMENTO E DESENVOLVIMENTO RURAL DO DISTRITO FEDERAL   SEAGRI/DF",636-R2
192,19732,636,REL_ANUL_REVOG_LICITACAO,R2,anotador_32161579,identificacao_ocorrencia,1158,anotador_32161579,78688,6,REVOGA,636-R2
193,19733,636,REL_ANUL_REVOG_LICITACAO,R2,anotador_32161579,modalidade_licitacao,1844,anotador_32161579,78754,26,PREGÃO na forma ELETRÔNICA,636-R2
194,19734,636,REL_ANUL_REVOG_LICITACAO,R2,anotador_32161579,processo_gdf,1159,anotador_32161579,78882,22,00070-00004590/2020-41,636-R2
195,19735,636,REL_ANUL_REVOG_LICITACAO,R2,anotador_32161579,nome_responsavel,1160,anotador_32161579,79559,25,NATANAEL FÉLIX DOS SANTOS,636-R2
196,20111,636,REL_ANUL_REVOG_LICITACAO,R3,anotador_32161579,modalidade_licitacao,1177,anotador_32161579,163636,17,PREGÃO ELETRÔNICO,636-R3
197,20112,636,REL_ANUL_REVOG_LICITACAO,R3,anotador_32161579,numero_licitacao,1176,anotador_32161579,163657,7,07/2021,636-R3
198,20113,636,REL_ANUL_REVOG_LICITACAO,R3,anotador_32161579,AVISO_ANUL_REV_LICITACAO,1180,anotador_32161579,163596,858,"AVISO DE REVOGAÇÃO PARCIAL DE LICITAÇÃO PREGÃO ELETRÔNICO Nº 07/2021   LOTE 4  A CARTÃO BRB S.A. torna público que o Lote 4, integrante da licitação referenciada no preâmbulo, fica revogado, tendo em vista questionamento impetrado judicialmente, via Mandado de Segurança (0732084-09.2021.8.07.0001   25ª Vara Cível de Brasília). Assim, no intuito maior de pugnar pelo melhor atendimento do interesse público, bem como permitir maior competividade no âmbito do procedimento licitatório, o Lote 4 resta excluído do certame. Novo edital, específico para a alienação do imóvel de propriedade da BRBCARD, será publicado a posteriori. Quanto aos demais lotes, sobre os quais não pairaram questionamentos ou impedimentos de natureza judicial, informa-se que seus objetos restam devidamente homologados.            ALMIR FRANCISCO GOMES FILHO  Presidente da Comissão",636-R3
199,20114,636,REL_ANUL_REVOG_LICITACAO,R3,anotador_32161579,orgao_licitante,1175,anotador_32161579,163684,8,BRB S.A.,636-R3
200,20115,636,REL_ANUL_REVOG_LICITACAO,R3,anotador_32161579,identificacao_ocorrencia,1178,anotador_32161579,163777,8,revogado,636-R3
201,20116,636,REL_ANUL_REVOG_LICITACAO,R3,anotador_32161579,nome_responsavel,1179,anotador_32161579,164403,27,ALMIR FRANCISCO GOMES FILHO,636-R3
202,21028,636,REL_ANUL_REVOG_LICITACAO,R4,anotador_32161579,AVISO_ANUL_REV_LICITACAO,1849,anotador_32161579,332490,568,"AVISO DE REVOGAÇÃO CONCORRÊNCIA Nº 02/2021 A COMISSÃO PERMANENTE DE LICITAÇÃO, DA SUBSECRETARIA DE ADMINISTRAÇÃO GERAL, DA SECRETARIA DE ESTADO DE EDUCAÇÃO DO DISTRITO FEDERAL, comunica aos interessados que a Subsecretaria de Administração Geral da SEDF, por interesse da administração e, baseada na justificativa apresentadas pela Subsecretaria de Infraestrutura Escolar (SEI nº 66298959), constante no processo 00080-00008717/2020-63, a Revogação da Concorrência em epígrafe. Os autos ficam com vistas franqueadas aos interessados.  JAIRO PEREIRA MARTINS  Presidente",636-R4
203,21029,636,REL_ANUL_REVOG_LICITACAO,R4,anotador_32161579,modalidade_licitacao,1170,anotador_32161579,332509,12,CONCORRÊNCIA,636-R4
204,21030,636,REL_ANUL_REVOG_LICITACAO,R4,anotador_32161579,numero_licitacao,1169,anotador_32161579,332525,7,02/2021,636-R4
205,21031,636,REL_ANUL_REVOG_LICITACAO,R4,anotador_32161579,orgao_licitante,1181,anotador_32161579,332613,52,SECRETARIA DE ESTADO DE EDUCAÇÃO DO DISTRITO FEDERAL,636-R4
206,21032,636,REL_ANUL_REVOG_LICITACAO,R4,anotador_32161579,processo_gdf,1172,anotador_32161579,332903,22,00080-00008717/2020-63,636-R4
207,21033,636,REL_ANUL_REVOG_LICITACAO,R4,anotador_32161579,identificacao_ocorrencia,1171,anotador_32161579,332929,9,Revogação,636-R4
208,21034,636,REL_ANUL_REVOG_LICITACAO,R4,anotador_32161579,modalidade_licitacao,1182,anotador_32161579,332942,12,Concorrência,636-R4
209,21035,636,REL_ANUL_REVOG_LICITACAO,R4,anotador_32161579,nome_responsavel,1173,anotador_32161579,333025,21,JAIRO PEREIRA MARTINS,636-R4
210,21859,625,REL_ANUL_REVOG_LICITACAO,R1,anotador_32161579,AVISO_ANUL_REV_LICITACAO,1875,anotador_32161579,137780,622,"AVISO DE LICITAÇÃO REFERENTE AO EDITAL Nº 07/2016 - IMÓVEIS A Diretoria Colegiada da Companhia Imobiliária de Brasília - TERRACAP, em sua Decisão nº 570/2021-DIRET, 3569ª sessão, realizada em 13/10/2021, decidiu, em razão do pedido de desistência formulado pela licitante JR VIRGHINI EMPREENDIMENTOS IMOBILIÁRIOS LTDA (Proposta de Compra nº 5001003), pela revogação da licitação do ITEM 143 do Edital nº 07/2016, aplicando-se a penalidade de retenção do valor caucionado, pelos motivos apresentados no Relatório nº 211/2021-ADCOM.  Brasília/DF, 21 de outubro de 2021  BRUNO CESAR SANTANA DE MENESES  Presidente da Comissão",625-R1
211,21860,625,REL_ANUL_REVOG_LICITACAO,R1,anotador_32161579,numero_licitacao,1859,anotador_32161579,137822,7,07/2016,625-R1
212,21861,625,REL_ANUL_REVOG_LICITACAO,R1,anotador_32161579,orgao_licitante,1858,anotador_32161579,137901,8,TERRACAP,625-R1
213,21862,625,REL_ANUL_REVOG_LICITACAO,R1,anotador_32161579,identificacao_ocorrencia,1874,anotador_32161579,138136,9,revogação,625-R1
214,21863,625,REL_ANUL_REVOG_LICITACAO,R1,anotador_32161579,data_escrito,1860,anotador_32161579,138325,21,21 de outubro de 2021,625-R1
215,21864,625,REL_ANUL_REVOG_LICITACAO,R1,anotador_32161579,nome_responsavel,1861,anotador_32161579,138348,30,BRUNO CESAR SANTANA DE MENESES,625-R1
216,22615,625,REL_ANUL_REVOG_LICITACAO,R3,anotador_32161579,modalidade_licitacao,1868,anotador_32161579,272502,17,PREGÃO ELETRÔNICO,625-R3
217,22616,625,REL_ANUL_REVOG_LICITACAO,R3,anotador_32161579,modalidade_licitacao,1867,anotador_32161579,272989,17,Pregão Eletrônico,625-R3
218,22617,625,REL_ANUL_REVOG_LICITACAO,R3,anotador_32161579,numero_licitacao,1865,anotador_32161579,272523,7,06/2021,625-R3
219,22618,625,REL_ANUL_REVOG_LICITACAO,R3,anotador_32161579,orgao_licitante,1863,anotador_32161579,272549,52,Secretaria de Estado de Trabalho do Distrito Federal,625-R3
220,22619,625,REL_ANUL_REVOG_LICITACAO,R3,anotador_32161579,identificacao_ocorrencia,1869,anotador_32161579,272910,7,REVOGAR,625-R3
221,22620,625,REL_ANUL_REVOG_LICITACAO,R3,anotador_32161579,numero_licitacao,1866,anotador_32161579,273010,8,006/2021,625-R3
222,22621,625,REL_ANUL_REVOG_LICITACAO,R3,anotador_32161579,processo_gdf,1870,anotador_32161579,273029,22,04012-00003480/2020-15,625-R3
223,22622,625,REL_ANUL_REVOG_LICITACAO,R3,anotador_32161579,data_escrito,1871,anotador_32161579,273388,21,06 de outubro de 2021,625-R3
224,22623,625,REL_ANUL_REVOG_LICITACAO,R3,anotador_32161579,nome_responsavel,1872,anotador_32161579,273411,25,EUYNDHER SANTOS DE MORAIS,625-R3
225,22624,625,REL_ANUL_REVOG_LICITACAO,R3,anotador_32161579,orgao_licitante,1889,anotador_32161579,273311,52,Secretaria de Estado de Trabalho do Distrito Federal,625-R3
226,22625,625,REL_ANUL_REVOG_LICITACAO,R3,anotador_32161579,AVISO_ANUL_REV_LICITACAO,1890,anotador_32161579,272480,967,"AVISO DE REVOGAÇÃO DE PREGÃO ELETRÔNICO Nº 06/2021-SRP UASG 926210 A Secretaria de Estado de Trabalho do Distrito Federal, no uso das atribuições legais, em conformidade com a Lei nº 8.666/93, Decreto nº 39.610/2019 e Decreto nº 38.362/2017, bem como a Decisão nº 3443/2021 do TCDF fundamentando sua decisão; a Nota Jurídica nº 37/2021-SETRAB/GAB/AJL e acolhida pelo Secretário de Estado de Trabalho do Distrito Federal, resolve: REVOGAR em todos os seus termos, por interesse, conveniência e oportunidade, o Pregão Eletrônico nº 006/2021, processo 04012-00003480/2020-15, cujo o objeto é o Registro de Preços para contratação de empresa especializada na prestação de serviço de qualificação profissional e atendimento em unidades móveis, incluído recursos materiais, humanos, tecnológicos e toda gestão operacional para atender à Secretaria de Estado de Trabalho do Distrito Federal - SETRAB.  Brasília/DF, 06 de outubro de 2021  EUYNDHER SANTOS DE MORAIS  Pregoeiro",625-R3
227,24441,631,REL_ANUL_REVOG_LICITACAO,R10,anotador_32161579,AVISO_ANUL_REV_LICITACAO,1470,anotador_32161579,201544,733,"AVISO DE REVOGAÇÃO DE LICITAÇÃO (*) O Presidente da Comissão de Licitação para Compra de Bens, Serviços e Obras   CPLIC/TERRACAP, no uso das atribuições que lhe confere a Portaria nº 231/2021 - DIRAF, comunica a REVOGAÇÃO do seguinte certame.     Processo:    0111-002346/2016      Modalidade/número:    Concorrência nº 03/2017 - REVOGAÇÃO      Objeto:    Contratação da implantação das redes de esgotamento sanitário das redes públicas e condominiais para atendimento ao Trecho 2 da 1ª Etapa do Setor Habitacional Taquari - SHTQ;     Brasília/DF, 26 de agosto de 2021  GLAUBER TEODORO FARIA  Presidente da Comissão  __________________  (*) Republicado por ter saído com incorreção no DODF nº 164, de 30 de agosto de 2021, página 55.",631-R10
228,24442,631,REL_ANUL_REVOG_LICITACAO,R10,anotador_32161579,orgao_licitante,1462,anotador_32161579,201664,8,TERRACAP,631-R10
229,24443,631,REL_ANUL_REVOG_LICITACAO,R10,anotador_32161579,identificacao_ocorrencia,1465,anotador_32161579,201756,9,REVOGAÇÃO,631-R10
230,24444,631,REL_ANUL_REVOG_LICITACAO,R10,anotador_32161579,identificacao_ocorrencia,1466,anotador_32161579,201874,9,REVOGAÇÃO,631-R10
231,24445,631,REL_ANUL_REVOG_LICITACAO,R10,anotador_32161579,processo_gdf,1467,anotador_32161579,201804,16,0111-002346/2016,631-R10
232,24446,631,REL_ANUL_REVOG_LICITACAO,R10,anotador_32161579,modalidade_licitacao,1464,anotador_32161579,201848,12,Concorrência,631-R10
233,24447,631,REL_ANUL_REVOG_LICITACAO,R10,anotador_32161579,numero_licitacao,1463,anotador_32161579,201864,7,03/2017,631-R10
234,24448,631,REL_ANUL_REVOG_LICITACAO,R10,anotador_32161579,nome_responsavel,1469,anotador_32161579,202114,21,GLAUBER TEODORO FARIA,631-R10
235,24449,631,REL_ANUL_REVOG_LICITACAO,R10,anotador_32161579,data_escrito,1468,anotador_32161579,202245,20,30 de agosto de 2021,631-R10
236,30713,672,REL_ANUL_REVOG_LICITACAO,R2,anotador_32161579,AVISO_ANUL_REV_LICITACAO,2775,anotador_32161579,40608,564,"AVISO DE REVOGAÇÃO DE LICITAÇÃO O Presidente da Comissão de Licitação para Compra de Bens, Serviços e Obras, no uso das atribuições que lhe confere a Portaria nº 231/2021 - DIRAF, comunica a REVOGAÇÃO do seguinte certame. Processo: 00111-00009348/2019-79 Modalidade/número: Pregão Eletrônico nº 09/2020 - REVOGAÇÃO Tipo: Menor Preço por lote Objeto: Contratação de auditoria médica em serviços de assistência à saúde, avaliação atuarial e consultoria especializada para acompanhamento de contrato de plano de saúde Data/hora de abertura: 30/12/2020, às 10:00 horas",672-R2
237,30714,672,REL_ANUL_REVOG_LICITACAO,R2,anotador_32161579,identificacao_ocorrencia,1122,anotador_32161579,40799,9,REVOGAÇÃO,672-R2
238,30715,672,REL_ANUL_REVOG_LICITACAO,R2,anotador_32161579,identificacao_ocorrencia,1680,anotador_32161579,40913,9,REVOGAÇÃO,672-R2
239,30716,672,REL_ANUL_REVOG_LICITACAO,R2,anotador_32161579,processo_gdf,1045,anotador_32161579,40840,22,00111-00009348/2019-79,672-R2
240,30717,672,REL_ANUL_REVOG_LICITACAO,R2,anotador_32161579,modalidade_licitacao,1048,anotador_32161579,40882,17,Pregão Eletrônico,672-R2
241,30718,672,REL_ANUL_REVOG_LICITACAO,R2,anotador_32161579,numero_licitacao,1049,anotador_32161579,40903,7,09/2020,672-R2
242,30719,672,REL_ANUL_REVOG_LICITACAO,R2,anotador_32161579,data_escrito,2774,anotador_32161579,41146,10,30/12/2020,672-R2
243,32080,669,REL_ANUL_REVOG_LICITACAO,R1,anotador_32161579,AVISO_ANUL_REV_LICITACAO,1648,anotador_32161579,1344,918,"AVISO DE REVOGAÇÃO PREGÃO ELETRÔNICO SRP Nº 02/2021 UASG 926873 O Consórcio Interestadual de Desenvolvimento do Brasil Central, por intermédio da Secretaria Executiva, nos termos do art. 49 da Lei Federal nº 8.666/93, com suas alterações legais, torna público o aviso de Revogação do Pregão Eletrônico SRP n° 02/2021, da Licitação no Processo Administrativo Licitatório nº 20201607000083, cujo o objeto é o registro de preços para futura e eventual contratação de empresa especializada no fornecimento de Equipamento de Proteção Individual EPIs necessários para o atendimento pelos profissionais de saúde aos pacientes diagnosticados e em tratamento decorrente da infecção pelo novo coronavírus (SARS-CoV-2), em apoio aos Entes integrantes do Consórcio Interestadual de Desenvolvimento do Brasil Central - BrC (Distrito Federal, Mato Grosso, Mato Grosso do Sul e Tocantins). MARCUS VINICIUS BRITTO Secretário Executivo",669-R1
244,32081,669,REL_ANUL_REVOG_LICITACAO,R1,anotador_32161579,modalidade_licitacao,395,anotador_32161579,1363,17,PREGÃO ELETRÔNICO,669-R1
245,32082,669,REL_ANUL_REVOG_LICITACAO,R1,anotador_32161579,numero_licitacao,394,anotador_32161579,1388,7,02/2021,669-R1
246,32083,669,REL_ANUL_REVOG_LICITACAO,R1,anotador_32161579,numero_licitacao,397,anotador_32161579,1653,7,02/2021,669-R1
247,32084,669,REL_ANUL_REVOG_LICITACAO,R1,anotador_32161579,orgao_licitante,401,anotador_32161579,1410,60,Consórcio Interestadual de Desenvolvimento do Brasil Central,669-R1
248,32085,669,REL_ANUL_REVOG_LICITACAO,R1,anotador_32161579,identificacao_ocorrencia,398,anotador_32161579,1615,9,Revogação,669-R1
249,32086,669,REL_ANUL_REVOG_LICITACAO,R1,anotador_32161579,modalidade_licitacao,396,anotador_32161579,1628,17,Pregão Eletrônico,669-R1
250,32087,669,REL_ANUL_REVOG_LICITACAO,R1,anotador_32161579,processo_gdf,1647,anotador_32161579,1717,14,20201607000083,669-R1
251,32088,669,REL_ANUL_REVOG_LICITACAO,R1,anotador_32161579,orgao_licitante,400,anotador_32161579,2087,66,Consórcio Interestadual de Desenvolvimento do Brasil Central - BrC,669-R1
252,32089,669,REL_ANUL_REVOG_LICITACAO,R1,anotador_32161579,nome_responsavel,399,anotador_32161579,2219,22,MARCUS VINICIUS BRITTO,669-R1
253,33439,667,REL_ANUL_REVOG_LICITACAO,R2,anotador_32161579,AVISO_ANUL_REV_LICITACAO,509,anotador_32161579,117272,1088,"AVISO DE ANULAÇÃO PREGÃO ELETRÔNICO Nº 12/2021 METRÔ-DF UASG 925046 O METRÔ-DF, por meio do Pregoeiro, comunica a anulação do mencionado pregão eletrônico, cujo objeto trata do Registro de Preços para eventual contratação de empresa para fornecimento e instalação de cerca (grade) de vedação e concertina ao longo da via permanente, em locais de vulnerabilidade, da Companhia do Metropolitano do Distrito Federal - METRÔ-DF e Companhia Urbanizadora da Nova Capital do Brasil NOVACAP, visto ter sido constatada a inviabilidade do julgamento das propostas pelo Metrô-DF, visto ter ocorrido equívoco no cadastramento da licitação no sistema Comprasnet em relação à disposição do item 11.5.1 do Edital. É garantido aos interessados a contestação do presente ato, no prazo de até cinco dias úteis a contar desta publicação. Transcorrido o prazo concedido e não havendo manifestação em contrário, o ato de anulação restará efetivado. Fica assegurado vista aos autos do processo 0009700011722/2020-29, mediante solicitação pelo e-mail: licitacao@metro.df.gov.br. DIEGO MONDINI DE SOUZA Pregoeiro",667-R2
254,33440,667,REL_ANUL_REVOG_LICITACAO,R2,anotador_32161579,modalidade_licitacao,503,anotador_32161579,117290,17,PREGÃO ELETRÔNICO,667-R2
255,33441,667,REL_ANUL_REVOG_LICITACAO,R2,anotador_32161579,numero_licitacao,502,anotador_32161579,117311,7,12/2021,667-R2
256,33442,667,REL_ANUL_REVOG_LICITACAO,R2,anotador_32161579,orgao_licitante,501,anotador_32161579,117342,8,METRÔ-DF,667-R2
257,33443,667,REL_ANUL_REVOG_LICITACAO,R2,anotador_32161579,identificacao_ocorrencia,505,anotador_32161579,117386,8,anulação,667-R2
258,33444,667,REL_ANUL_REVOG_LICITACAO,R2,anotador_32161579,orgao_licitante,508,anotador_32161579,117638,57,Companhia do Metropolitano do Distrito Federal - METRÔ-DF,667-R2
259,33445,667,REL_ANUL_REVOG_LICITACAO,R2,anotador_32161579,processo_gdf,506,anotador_32161579,118244,21,0009700011722/2020-29,667-R2
260,33446,667,REL_ANUL_REVOG_LICITACAO,R2,anotador_32161579,nome_responsavel,507,anotador_32161579,118328,22,DIEGO MONDINI DE SOUZA,667-R2
261,33495,667,REL_ANUL_REVOG_LICITACAO,R3,anotador_32161579,AVISO_ANUL_REV_LICITACAO,500,anotador_32161579,126273,633,"AVISO DE REVOGAÇÃO DE LICITAÇÃO A Caesb torna público que a Licitação Fechada - LF 003/2021-Caesb, processo 092.003265/2021, cujo objeto é a implantação do reservatório apoiado RAP.ALG.001, constituído de uma câmara de 6.000m³, fabricado em chapa de aço revestidas em epóxi, aparafusado, a ser implantado em Águas Lindas de Goiás - GO foi REVOGADA por conveniência administrativa, conforme despacho GABDE (0357317). Mais informações, acesse o site da Caesb (https://www.caesb.df.gov.br/licitacoes2/modalidadeslicitacao.html) e ComprasNet (http://comprasnet.gov.br/Livre/RDC/rdcEletronico.asp) SILVIO SANTOS GONÇALVES SOARES Pregoeiro",667-R3
262,33496,667,REL_ANUL_REVOG_LICITACAO,R3,anotador_32161579,orgao_licitante,493,anotador_32161579,126307,5,Caesb,667-R3
263,33497,667,REL_ANUL_REVOG_LICITACAO,R3,anotador_32161579,modalidade_licitacao,495,anotador_32161579,126333,17,Licitação Fechada,667-R3
264,33498,667,REL_ANUL_REVOG_LICITACAO,R3,anotador_32161579,numero_licitacao,494,anotador_32161579,126356,14,003/2021-Caesb,667-R3
265,33499,667,REL_ANUL_REVOG_LICITACAO,R3,anotador_32161579,processo_gdf,498,anotador_32161579,126381,15,092.003265/2021,667-R3
266,33500,667,REL_ANUL_REVOG_LICITACAO,R3,anotador_32161579,identificacao_ocorrencia,497,anotador_32161579,126612,8,REVOGADA,667-R3
267,33501,667,REL_ANUL_REVOG_LICITACAO,R3,anotador_32161579,nome_responsavel,499,anotador_32161579,126866,30,SILVIO SANTOS GONÇALVES SOARES,667-R3
268,34422,639,REL_ANUL_REVOG_LICITACAO,R4,anotador_32161579,AVISO_ANUL_REV_LICITACAO,3407,anotador_32161579,70702,1483,"AVISO DE ANULAÇÃO DE LICITAÇÃO CONCORRÊNCIA N° 03/2022  O Jardim Botânico de Brasília, comunica aos interessados que a licitação referente à modalidade Concorrência nº 03/2022, tipo maior oferta, empreitada por Preço Global, modalidade: Concorrência, objetivando a Concessão de Uso de Bem Público do Distrito Federal no espaço denominado  Quiosque 1 , localizado na Praça de Alimentação do Jardim Botânico de Brasília, na Alameda das Nações, situado na Área Especial SMDB, Estação Ecológica Jardim Botânico de Brasília, Lago Sul - Brasília, Distrito Federal, com a finalidade específica de exploração, por uma única empresa, de serviços de lanchonete, para fornecimento de lanches e bebidas em geral, excetuando-se hamburguerias, por esta ser objeto de concessão do ""Quiosque 3"", com edificação da área aproximada de 28,84 m² (vinte e oito e oitenta e quatro metros quadrados) somada à área comum, totalizando, aproximadamente, 60 m² (sessenta metros quadrados), por conta e risco do futuro Concessionário, foi anulado a partir da data dessa publicação, com fundamento no Art. 49 da Lei nº 8.666/93, justificativa fundamentada e apensada ao presente processo licitatório. Quaisquer dúvidas poderão ser esclarecidas junto a Comissão de Licitação no Prédio da Superintendência de Administração Geral-SUAG/JBB, localizada na Área Especial SMDB Estação Ecológica Jardim Botânico de Brasília/Lago Sul, Brasília/DF.  Brasília/DF, 24 de fevereiro de 2022  ALINE DE PIERI  Diretora-Executiva",639-R4
269,34423,639,REL_ANUL_REVOG_LICITACAO,R4,anotador_32161579,modalidade_licitacao,96,anotador_32161579,70733,12,CONCORRÊNCIA,639-R4
270,34424,639,REL_ANUL_REVOG_LICITACAO,R4,anotador_32161579,numero_licitacao,94,anotador_32161579,70749,7,03/2022,639-R4
271,34425,639,REL_ANUL_REVOG_LICITACAO,R4,anotador_32161579,numero_licitacao,95,anotador_32161579,70870,7,03/2022,639-R4
272,34426,639,REL_ANUL_REVOG_LICITACAO,R4,anotador_32161579,orgao_licitante,93,anotador_32161579,70760,27,Jardim Botânico de Brasília,639-R4
273,34427,639,REL_ANUL_REVOG_LICITACAO,R4,anotador_32161579,modalidade_licitacao,97,anotador_32161579,70854,12,Concorrência,639-R4
274,34428,639,REL_ANUL_REVOG_LICITACAO,R4,anotador_32161579,modalidade_licitacao,3406,anotador_32161579,70939,12,Concorrência,639-R4
275,34429,639,REL_ANUL_REVOG_LICITACAO,R4,anotador_32161579,identificacao_ocorrencia,98,anotador_32161579,71713,7,anulado,639-R4
276,34430,639,REL_ANUL_REVOG_LICITACAO,R4,anotador_32161579,data_escrito,99,anotador_32161579,72126,23,24 de fevereiro de 2022,639-R4
277,34431,639,REL_ANUL_REVOG_LICITACAO,R4,anotador_32161579,nome_responsavel,100,anotador_32161579,72151,14,ALINE DE PIERI,639-R4
278,37086,666,REL_ANUL_REVOG_LICITACAO,R3,anotador_32161579,AVISO_ANUL_REV_LICITACAO,322,anotador_32161579,80598,349,"AVISO DE REVOGAÇÃO DE LICITAÇÃO A Caesb torna público que o Pregão Eletrônico PE nº 126/2021, processo 00020270/202183, objeto: aquisição de componentes de equipamentos elétricos e eletrônicos (abraçadeira, anilha, cabo, canaleta, disjuntor, fio, lâmpada, refletor e outros), foi revogado por razões administrativas. ELIZABETH DUARTE ALVES Pregoeira",666-R3
279,37087,666,REL_ANUL_REVOG_LICITACAO,R3,anotador_32161579,orgao_licitante,309,anotador_32161579,80632,5,Caesb,666-R3
280,37088,666,REL_ANUL_REVOG_LICITACAO,R3,anotador_32161579,modalidade_licitacao,312,anotador_32161579,80658,17,Pregão Eletrônico,666-R3
281,37089,666,REL_ANUL_REVOG_LICITACAO,R3,anotador_32161579,numero_licitacao,310,anotador_32161579,80682,8,126/2021,666-R3
282,37090,666,REL_ANUL_REVOG_LICITACAO,R3,anotador_32161579,processo_gdf,319,anotador_32161579,80701,15,00020270/202183,666-R3
283,37091,666,REL_ANUL_REVOG_LICITACAO,R3,anotador_32161579,identificacao_ocorrencia,317,anotador_32161579,80878,8,revogado,666-R3
284,37092,666,REL_ANUL_REVOG_LICITACAO,R3,anotador_32161579,nome_responsavel,321,anotador_32161579,80915,22,ELIZABETH DUARTE ALVES,666-R3
285,37466,665,REL_ANUL_REVOG_LICITACAO,R1,anotador_32161579,AVISO_ANUL_REV_LICITACAO,505,anotador_32161579,5472,355,"AVISO DE REVOGAÇÃO PREGÃO ELETRÔNICO Nº 190/2021 - UASG 926119 A Pregoeira da Central de Compras torna pública a REVOGAÇÃO, pela autoridade competente, da licitação supracitada, cujo objeto é Aquisição de Mobiliários: MESA DE CABECEIRA e MESA DE REFEIÇÕES. O certame será substituído pelo Pregão Eletrônico SES-DF n° 216/2021. LÍNEA CAROLINE DA SILVA LIMA",665-R1
286,37467,665,REL_ANUL_REVOG_LICITACAO,R1,anotador_32161579,modalidade_licitacao,502,anotador_32161579,5491,17,PREGÃO ELETRÔNICO,665-R1
287,37468,665,REL_ANUL_REVOG_LICITACAO,R1,anotador_32161579,numero_licitacao,501,anotador_32161579,5512,8,190/2021,665-R1
288,37469,665,REL_ANUL_REVOG_LICITACAO,R1,anotador_32161579,identificacao_ocorrencia,503,anotador_32161579,5585,9,REVOGAÇÃO,665-R1
289,37470,665,REL_ANUL_REVOG_LICITACAO,R1,anotador_32161579,nome_responsavel,504,anotador_32161579,5799,28,LÍNEA CAROLINE DA SILVA LIMA,665-R1
290,37720,665,REL_ANUL_REVOG_LICITACAO,R2,anotador_32161579,modalidade_licitacao,515,anotador_32161579,45319,17,PREGÃO ELETRÔNICO,665-R2
291,37721,665,REL_ANUL_REVOG_LICITACAO,R2,anotador_32161579,AVISO_ANUL_REV_LICITACAO,2263,anotador_32161579,45300,700,"AVISO DE LICITAÇÃO PREGÃO ELETRÔNICO N° 30/2021 - UASG 974002 A Pregoeira da Subsecretaria de Compras Governamentais, em atendimento a Decisão nº 2265/2021 do Tribunal de Contas do Distrito Federal, comunica a anulação da fase posterior à abertura da sessão do Pregão Eletrônico nº 30/2021 - SCG/SPLAN/SEEC. Informamos que serão feitas as devidas alterações para a continuidade dos procedimentos. Processo 0004000023083/2020-18. Os autos ficam com vistas franqueadas aos interessados, nesta Secretaria de Estado de Economia do DF, no endereço eletrônico www.comprasgovernamentais.gov.br ou pelo e-mail: pregoeirosulog05@economia.df.gov.br. Brasília/DF, 18 de junho de 2021 KARLA REGINA DA SILVA ROCHA",665-R2
292,37722,665,REL_ANUL_REVOG_LICITACAO,R2,anotador_32161579,numero_licitacao,514,anotador_32161579,45340,7,30/2021,665-R2
293,37723,665,REL_ANUL_REVOG_LICITACAO,R2,anotador_32161579,numero_licitacao,517,anotador_32161579,45582,7,30/2021,665-R2
294,37724,665,REL_ANUL_REVOG_LICITACAO,R2,anotador_32161579,identificacao_ocorrencia,518,anotador_32161579,45510,8,anulação,665-R2
295,37725,665,REL_ANUL_REVOG_LICITACAO,R2,anotador_32161579,modalidade_licitacao,516,anotador_32161579,45561,17,Pregão Eletrônico,665-R2
296,37726,665,REL_ANUL_REVOG_LICITACAO,R2,anotador_32161579,processo_gdf,2258,anotador_32161579,45706,21,0004000023083/2020-18,665-R2
297,37727,665,REL_ANUL_REVOG_LICITACAO,R2,anotador_32161579,orgao_licitante,2259,anotador_32161579,45791,38,Secretaria de Estado de Economia do DF,665-R2
298,37728,665,REL_ANUL_REVOG_LICITACAO,R2,anotador_32161579,data_escrito,520,anotador_32161579,45953,19,18 de junho de 2021,665-R2
299,37729,665,REL_ANUL_REVOG_LICITACAO,R2,anotador_32161579,nome_responsavel,521,anotador_32161579,45973,27,KARLA REGINA DA SILVA ROCHA,665-R2
300,38256,665,REL_ANUL_REVOG_LICITACAO,R4,anotador_32161579,modalidade_licitacao,508,anotador_32161579,129414,17,PREGÃO ELETRÔNICO,665-R4
301,38257,665,REL_ANUL_REVOG_LICITACAO,R4,anotador_32161579,AVISO_ANUL_REV_LICITACAO,512,anotador_32161579,129395,898,"AVISO DE REVOGAÇÃO PREGÃO ELETRÔNICO Nº 06/2020 A SUBSECRETÁRIA DE ADMINISTRAÇÃO GERAL, DA SECRETARIA DE ESTADO DE DESENVOLVIMENTO URBANO E HABITAÇÃO DO DISTRITO FEDERAL, torna público aos interessados, que o procedimento licitatório para Contratação de empresa especializada para prestação de serviços deseguro total automotivo, com cobertura contra danos materiais resultantes de sinistros de roubo ou furto, colisão, incêndio, danos causados pela natureza e assistência 24 horas, para 11 (onze) veículos pertencentes à frota desta Secretaria de Estado, conforme especificações e quantitativos constantes no Anexo I do Edital, restou REVOGADO, nos termos do processo 00390-00001558/2020-08 e decisão prolatada com fundamentação no Art. 49, caput, assegurado o decurso de prazo, previsto no art. 109, Inciso I, alínea ""c"", da Lei Federal n° 8.666/1993. ADRIANA ROSA SAVITE COORDENAÇÃO DE LICITAÇÃO",665-R4
302,38258,665,REL_ANUL_REVOG_LICITACAO,R4,anotador_32161579,numero_licitacao,507,anotador_32161579,129435,7,06/2020,665-R4
303,38259,665,REL_ANUL_REVOG_LICITACAO,R4,anotador_32161579,orgao_licitante,506,anotador_32161579,129486,78,SECRETARIA DE ESTADO DE DESENVOLVIMENTO URBANO E HABITAÇÃO DO DISTRITO FEDERAL,665-R4
304,38260,665,REL_ANUL_REVOG_LICITACAO,R4,anotador_32161579,identificacao_ocorrencia,509,anotador_32161579,130031,8,REVOGADO,665-R4
305,38261,665,REL_ANUL_REVOG_LICITACAO,R4,anotador_32161579,processo_gdf,510,anotador_32161579,130064,22,00390-00001558/2020-08,665-R4
306,38262,665,REL_ANUL_REVOG_LICITACAO,R4,anotador_32161579,nome_responsavel,511,anotador_32161579,130249,19,ADRIANA ROSA SAVITE,665-R4
307,38398,670,REL_ANUL_REVOG_LICITACAO,R1,anotador_32161579,AVISO_ANUL_REV_LICITACAO,1081,anotador_32161579,12842,510,"AVISO DE REVOGAÇÃO PREGÃO ELETRÔNICO Nº 190/2021 - UASG 926119 (*) A Pregoeira da Central de Compras torna pública a REVOGAÇÃO, pela autoridade competente, da licitação supracitada, cujo objeto é Aquisição de Mobiliários: MESA DE CABECEIRA e MESA DE REFEIÇÕES. O certame será substituído pelo Pregão Eletrônico SES-DF n° 220/2021. LÍNEA CAROLINE DA SILVA LIMA ____________________ (*) Republicado por ter sido encaminhado com incorreção no original, publicado no DODF n° 125, de 06 de julho de 2021, página 33.",670-R1
308,38399,670,REL_ANUL_REVOG_LICITACAO,R1,anotador_32161579,modalidade_licitacao,231,anotador_32161579,12861,17,PREGÃO ELETRÔNICO,670-R1
309,38400,670,REL_ANUL_REVOG_LICITACAO,R1,anotador_32161579,numero_licitacao,230,anotador_32161579,12882,8,190/2021,670-R1
310,38401,670,REL_ANUL_REVOG_LICITACAO,R1,anotador_32161579,identificacao_ocorrencia,232,anotador_32161579,12959,9,REVOGAÇÃO,670-R1
311,38402,670,REL_ANUL_REVOG_LICITACAO,R1,anotador_32161579,nome_responsavel,233,anotador_32161579,13173,28,LÍNEA CAROLINE DA SILVA LIMA,670-R1
312,38403,670,REL_ANUL_REVOG_LICITACAO,R1,anotador_32161579,data_escrito,1080,anotador_32161579,13321,19,06 de julho de 2021,670-R1
313,38779,670,REL_ANUL_REVOG_LICITACAO,R6,anotador_32161579,numero_licitacao,236,anotador_32161579,85615,7,06/2021,670-R6
314,38780,670,REL_ANUL_REVOG_LICITACAO,R6,anotador_32161579,numero_licitacao,245,anotador_32161579,85847,7,06/2021,670-R6
315,38781,670,REL_ANUL_REVOG_LICITACAO,R6,anotador_32161579,AVISO_ANUL_REV_LICITACAO,1481,anotador_32161579,85580,850,"AVISO DE REVOGAÇÃO DE LICITAÇÃO Nº 06/2021 - UASG 926334 A Fundação Hemocentro de Brasília torna pública com fundamento no art. 49, caput da Lei nº 8.666/1993 e justificativa que consta nos autos do processo 00063-00002703/202026, a revogação do Pregão Eletrônico nº 06/2021, cujo o objeto é a contratação de empresa especializada na prestação de serviços de CERTIFICAÇÃO de sistemas de gestão, em conformidade com a Norma ABNT NBR ISO 9001:2015 Sistemas de Gestão da Qualidade Requisitos para atender às necessidades da Fundação Hemocentro de Brasília, por se tratar de medida que melhor atende ao interesse público. Mais informações, assim como a íntegra da decisão podem ser solicitadas pelo e-mail licitacao@fhb.df.gov.br, bem como consulta pública nos autos do processo administrativo 00063-00002703/2020-26. HENRIQUE SANJIRO YUZUKI FARIAS Chefe",670-R6
316,38782,670,REL_ANUL_REVOG_LICITACAO,R6,anotador_32161579,orgao_licitante,235,anotador_32161579,85639,31,Fundação Hemocentro de Brasília,670-R6
317,38783,670,REL_ANUL_REVOG_LICITACAO,R6,anotador_32161579,orgao_licitante,1480,anotador_32161579,86101,31,Fundação Hemocentro de Brasília,670-R6
318,38784,670,REL_ANUL_REVOG_LICITACAO,R6,anotador_32161579,processo_gdf,239,anotador_32161579,85788,21,00063-00002703/202026,670-R6
319,38785,670,REL_ANUL_REVOG_LICITACAO,R6,anotador_32161579,identificacao_ocorrencia,244,anotador_32161579,85813,9,revogação,670-R6
320,38786,670,REL_ANUL_REVOG_LICITACAO,R6,anotador_32161579,modalidade_licitacao,237,anotador_32161579,85826,17,Pregão Eletrônico,670-R6
321,38787,670,REL_ANUL_REVOG_LICITACAO,R6,anotador_32161579,processo_gdf,240,anotador_32161579,86370,22,00063-00002703/2020-26,670-R6
322,38788,670,REL_ANUL_REVOG_LICITACAO,R6,anotador_32161579,nome_responsavel,241,anotador_32161579,86394,30,HENRIQUE SANJIRO YUZUKI FARIAS,670-R6
323,39549,668,REL_ANUL_REVOG_LICITACAO,R6,anotador_32161579,modalidade_licitacao,303,anotador_32161579,148815,17,PREGÃO ELETRÔNICO,668-R6
324,39550,668,REL_ANUL_REVOG_LICITACAO,R6,anotador_32161579,nome_responsavel,307,anotador_32161579,149571,18,EDMAR FIRMINO LIMA,668-R6
325,39551,668,REL_ANUL_REVOG_LICITACAO,R6,anotador_32161579,AVISO_ANUL_REV_LICITACAO,308,anotador_32161579,148796,793,"AVISO DE LICITAÇÃO PREGÃO ELETRÔNICO Nº 45/2021 - UASG 974002 O pregoeiro comunica aos interessados que o PE nº 45/2021, cujo objeto é o registro de preço para eventual contratação de Solução de Qualificação e Apoio à Recuperação de Débitos com base de dados própria, suporte presencial e remoto, teve sua fase externa anulada por inconsistência no edital, com fulcro no art. 49 da Lei Federal nº 8.666/93 e enunciado 473 do STF e Despacho-SEEC/SPLAN/SCG-SEI ID Nº 64438709, acolhido pela autoridade competente. Processo 00040-00017136/2020-61. Comunica ainda, que após os devidos ajustes será publicado novo edital com nova numeração. Informações no site: www.comprasgovernamentais.gov.br e pelo e-mail: pregoeirosulog14@economia.df.gov.br. Brasília/DF, 25 de junho de 2021 EDMAR FIRMINO LIMA",668-R6
326,39552,668,REL_ANUL_REVOG_LICITACAO,R6,anotador_32161579,numero_licitacao,300,anotador_32161579,148836,7,45/2021,668-R6
327,39553,668,REL_ANUL_REVOG_LICITACAO,R6,anotador_32161579,numero_licitacao,301,anotador_32161579,148908,7,45/2021,668-R6
328,39554,668,REL_ANUL_REVOG_LICITACAO,R6,anotador_32161579,identificacao_ocorrencia,304,anotador_32161579,149115,7,anulada,668-R6
329,39555,668,REL_ANUL_REVOG_LICITACAO,R6,anotador_32161579,processo_gdf,305,anotador_32161579,149317,22,00040-00017136/2020-61,668-R6
330,39556,668,REL_ANUL_REVOG_LICITACAO,R6,anotador_32161579,data_escrito,306,anotador_32161579,149551,19,25 de junho de 2021,668-R6
331,39557,668,REL_ANUL_REVOG_LICITACAO,R7,anotador_32161579,modalidade_licitacao,289,anotador_32161579,151092,17,PREGÃO ELETRÔNICO,668-R7
332,39558,668,REL_ANUL_REVOG_LICITACAO,R7,anotador_32161579,AVISO_ANUL_REV_LICITACAO,293,anotador_32161579,151073,994,"AVISO DE REVOGAÇÃO PREGÃO ELETRÔNICO POR SRP Nº 318/2017 - UASG 926119 A Pregoeira da Central de Compras torna público aos interessados que o procedimento licitatório para Contratação de empresa especializada para prestação de serviço de Central de Atendimento com fornecimento, instalação, configuração, customização, suporte técnico e manutenção de solução sistêmica integrada de comunicação de voz, dados, imagens, armazenamento e monitoramento remoto, rádio comunicação, composta de recursos completos para sua operação, inclusive adequações físicas, infraestrutura lógica e elétrica, estações de trabalho, pessoal, equipamentos e softwares de modo a atender a necessidade de integração dos serviços de comunicação do Serviço de Atendimento Móvel de Urgência SAMU/DF, conforme especificações e quantitativos constantes no Anexo I do Edital, (Processo: 00060.00025673/2017-13), restou REVOGADO pela autoridade competente, nos termos do art. 49 da Lei nº 8.666 de 1993. JULIANA ARAÚJO E SOUZA",668-R7
333,39559,668,REL_ANUL_REVOG_LICITACAO,R7,anotador_32161579,numero_licitacao,288,anotador_32161579,151121,8,318/2017,668-R7
334,39560,668,REL_ANUL_REVOG_LICITACAO,R7,anotador_32161579,processo_gdf,291,anotador_32161579,151929,22,00060.00025673/2017-13,668-R7
335,39561,668,REL_ANUL_REVOG_LICITACAO,R7,anotador_32161579,identificacao_ocorrencia,290,anotador_32161579,151961,8,REVOGADO,668-R7
336,39562,668,REL_ANUL_REVOG_LICITACAO,R7,anotador_32161579,nome_responsavel,292,anotador_32161579,152045,22,JULIANA ARAÚJO E SOUZA,668-R7
337,39563,668,REL_ANUL_REVOG_LICITACAO,R8,anotador_32161579,modalidade_licitacao,295,anotador_32161579,152087,17,PREGÃO ELETRÔNICO,668-R8
338,39564,668,REL_ANUL_REVOG_LICITACAO,R8,anotador_32161579,identificacao_ocorrencia,297,anotador_32161579,152882,8,REVOGADO,668-R8
339,39565,668,REL_ANUL_REVOG_LICITACAO,R8,anotador_32161579,AVISO_ANUL_REV_LICITACAO,299,anotador_32161579,152068,915,"AVISO DE REVOGAÇÃO PREGÃO ELETRÔNICO Nº 317/2020 - UASG 926119 A Pregoeira da Central de Compras torna público aos interessados que o procedimento licitatório referente à contratação de empresa especializada para a Operação Logística da Cadeia de Suprimentos e da Cadeia de Frio, abrangendo as atividades de Recebimento, Conferência, Armazenamento, Separação, Fracionamento, Expedição, Rastreabilidade, Transporte, Distribuição e Logística Reversa de Medicamentos, Órteses, Próteses e Materiais Especiais, Materiais Médico-Hospitalares, Laboratoriais, Odontológicos, de Expediente, Imunobiológicos, dentre outros produtos, incluindo recurso humanos, tecnológicos e operacionais, conforme condições, quantidades e exigências estabelecidas no Anexo I do Edital. (Processo Eletrônico: 00060-00384658/2019-68), restou REVOGADO pela Autoridade Competente, nos termos do art. 49 da Lei 8.666/93. CERIZE HELENA SOUZA SALES",668-R8
340,39566,668,REL_ANUL_REVOG_LICITACAO,R8,anotador_32161579,numero_licitacao,294,anotador_32161579,152108,8,317/2020,668-R8
341,39567,668,REL_ANUL_REVOG_LICITACAO,R8,anotador_32161579,processo_gdf,296,anotador_32161579,152850,22,00060-00384658/2019-68,668-R8
342,39568,668,REL_ANUL_REVOG_LICITACAO,R8,anotador_32161579,nome_responsavel,298,anotador_32161579,152958,25,CERIZE HELENA SOUZA SALES,668-R8
343,40023,638,REL_ANUL_REVOG_LICITACAO,R5,anotador_32161579,AVISO_ANUL_REV_LICITACAO,3894,anotador_32161579,60650,350,"AVISO DE REVOGAÇÃO DE LICITAÇÃO A Caesb torna público que a Licitação Fechada LF nº 01/2020, processo 092.005499/2019, objeto: Execução das obras de implantação da Adutora de Água Bruta do Sistema Paranoá Sul 1ª Etapa, realizada no site: www.comprasnet.gov.br (UASG: 974200), foi revogada por razões administrativas.  EDSON MIRANDA BEZERRA  Pregoeiro",638-R5
344,40024,638,REL_ANUL_REVOG_LICITACAO,R5,anotador_32161579,orgao_licitante,213,anotador_32161579,60684,5,Caesb,638-R5
345,40025,638,REL_ANUL_REVOG_LICITACAO,R5,anotador_32161579,modalidade_licitacao,3893,anotador_32161579,60710,17,Licitação Fechada,638-R5
346,40026,638,REL_ANUL_REVOG_LICITACAO,R5,anotador_32161579,numero_licitacao,214,anotador_32161579,60734,7,01/2020,638-R5
347,40027,638,REL_ANUL_REVOG_LICITACAO,R5,anotador_32161579,processo_gdf,217,anotador_32161579,60752,15,092.005499/2019,638-R5
348,40028,638,REL_ANUL_REVOG_LICITACAO,R5,anotador_32161579,identificacao_ocorrencia,216,anotador_32161579,60930,8,revogada,638-R5
349,40029,638,REL_ANUL_REVOG_LICITACAO,R5,anotador_32161579,nome_responsavel,218,anotador_32161579,60968,21,EDSON MIRANDA BEZERRA,638-R5
